"","Taxa","eDNA_16S","verts_count"
"1","Alosa pseudoharengus",0,0
"2","Amblyraja radiata",0,0
"3","Argentina silus",0,0
"4","Benthosema glaciale",0,0
"5","Centroscyllium fabricii",0,0
"6","Citharichthys arctifrons",0,0
"7","Clupea harengus",0,0
"8","Enchelyopus cimbrius",0,0
"9","Glyptocephalus cynoglossus",0,0
"10","Helicolenus dactylopterus",0,1
"11","Hippoglossoides platessoides",0,0
"12","Hippoglossus hippoglossus",3103,0
"13","Leptoclinus maculatus",0,0
"14","Leucoraja erinacea",0,0
"15","Lophius americanus",0,0
"16","Lumpenus lampretaeformis",0,0
"17","Melanogrammus aeglefinus",0,31
"18","Merluccius albidus",0,0
"19","Merluccius bilinearis",2867,0
"20","Myoxocephalus octodecemspinosus",0,0
"21","Notoscopelus elongatus",0,0
"22","Phycis chesteri",0,0
"23","Pollachius virens",6753,22
"24","Pseudopleuronectes americanus",0,0
"25","Scomber scombrus",0,43
"26","Sebastes g.",0,0
"27","Squalus acanthias",0,19
"28","Tautogolabrus adspersus",0,0
"29","Triglops murrayi",0,0
"30","Urophycis chuss",0,0
"31","Urophycis tenuis",0,0
"32","Zoarces americanus",0,1
"33","Alosa pseudoharengus",0,0
"34","Amblyraja radiata",0,1.988636364
"35","Argentina silus",0,2.982954545
"36","Benthosema glaciale",0,0
"37","Centroscyllium fabricii",0,0
"38","Citharichthys arctifrons",0,0
"39","Clupea harengus",0,0
"40","Enchelyopus cimbrius",0,0
"41","Glyptocephalus cynoglossus",0,0
"42","Helicolenus dactylopterus",0,6.960227273
"43","Hippoglossoides platessoides",0,0
"44","Hippoglossus hippoglossus",0,0
"45","Leptoclinus maculatus",0,0
"46","Leucoraja erinacea",0,0
"47","Lophius americanus",0,0
"48","Lumpenus lampretaeformis",0,0
"49","Melanogrammus aeglefinus",0,3.977272727
"50","Merluccius albidus",0,0
"51","Merluccius bilinearis",1466,0
"52","Myoxocephalus octodecemspinosus",0,0
"53","Notoscopelus elongatus",0,0
"54","Phycis chesteri",0,0
"55","Pollachius virens",0,7.954545455
"56","Pseudopleuronectes americanus",0,0
"57","Scomber scombrus",0,4.971590909
"58","Sebastes g.",0,0.994318182
"59","Squalus acanthias",0,0
"60","Tautogolabrus adspersus",0,0
"61","Triglops murrayi",0,0
"62","Urophycis chuss",0,0
"63","Urophycis tenuis",0,0
"64","Zoarces americanus",0,0
"65","Alosa pseudoharengus",0,0
"66","Amblyraja radiata",0,0
"67","Argentina silus",0,2
"68","Benthosema glaciale",0,0
"69","Centroscyllium fabricii",0,0
"70","Citharichthys arctifrons",0,0
"71","Clupea harengus",0,5
"72","Enchelyopus cimbrius",0,0
"73","Glyptocephalus cynoglossus",0,0
"74","Helicolenus dactylopterus",0,0
"75","Hippoglossoides platessoides",0,0
"76","Hippoglossus hippoglossus",0,4
"77","Leptoclinus maculatus",0,0
"78","Leucoraja erinacea",0,17
"79","Lophius americanus",0,0
"80","Lumpenus lampretaeformis",0,0
"81","Melanogrammus aeglefinus",3249,353
"82","Merluccius albidus",0,0
"83","Merluccius bilinearis",0,83
"84","Myoxocephalus octodecemspinosus",8754,46
"85","Notoscopelus elongatus",0,0
"86","Phycis chesteri",0,0
"87","Pollachius virens",0,1
"88","Pseudopleuronectes americanus",0,9
"89","Scomber scombrus",0,0
"90","Sebastes g.",0,0
"91","Squalus acanthias",0,0
"92","Tautogolabrus adspersus",0,0
"93","Triglops murrayi",0,0
"94","Urophycis chuss",9803,17
"95","Urophycis tenuis",0,0
"96","Zoarces americanus",0,1
"97","Alosa pseudoharengus",0,0
"98","Amblyraja radiata",0,0
"99","Argentina silus",0,0
"100","Benthosema glaciale",0,0
"101","Centroscyllium fabricii",0,0
"102","Citharichthys arctifrons",0,0
"103","Clupea harengus",8886,261.4942529
"104","Enchelyopus cimbrius",0,0
"105","Glyptocephalus cynoglossus",0,0
"106","Helicolenus dactylopterus",0,0
"107","Hippoglossoides platessoides",0,14.08045977
"108","Hippoglossus hippoglossus",0,1.005747126
"109","Leptoclinus maculatus",0,0
"110","Leucoraja erinacea",0,0
"111","Lophius americanus",0,0
"112","Lumpenus lampretaeformis",0,0
"113","Melanogrammus aeglefinus",3965,179.0229885
"114","Merluccius albidus",0,0
"115","Merluccius bilinearis",0,0
"116","Myoxocephalus octodecemspinosus",0,9.051724138
"117","Notoscopelus elongatus",0,0
"118","Phycis chesteri",0,0
"119","Pollachius virens",0,0
"120","Pseudopleuronectes americanus",0,0
"121","Scomber scombrus",0,0
"122","Sebastes g.",2126,0
"123","Squalus acanthias",0,0
"124","Tautogolabrus adspersus",0,0
"125","Triglops murrayi",0,0
"126","Urophycis chuss",0,0
"127","Urophycis tenuis",0,0
"128","Zoarces americanus",0,0
"129","Alosa pseudoharengus",0,0
"130","Amblyraja radiata",0,0
"131","Argentina silus",0,0
"132","Benthosema glaciale",0,0
"133","Centroscyllium fabricii",0,0
"134","Citharichthys arctifrons",0,0
"135","Clupea harengus",4436,12.92613636
"136","Enchelyopus cimbrius",0,0
"137","Glyptocephalus cynoglossus",0,0
"138","Helicolenus dactylopterus",0,0
"139","Hippoglossoides platessoides",0,10.9375
"140","Hippoglossus hippoglossus",0,0
"141","Leptoclinus maculatus",0,0
"142","Leucoraja erinacea",0,0
"143","Lophius americanus",0,0
"144","Lumpenus lampretaeformis",0,0
"145","Melanogrammus aeglefinus",0,0.994318182
"146","Merluccius albidus",0,0
"147","Merluccius bilinearis",0,0
"148","Myoxocephalus octodecemspinosus",0,0
"149","Notoscopelus elongatus",0,0
"150","Phycis chesteri",0,0
"151","Pollachius virens",0,0
"152","Pseudopleuronectes americanus",0,0
"153","Scomber scombrus",0,0
"154","Sebastes g.",0,0
"155","Squalus acanthias",0,0
"156","Tautogolabrus adspersus",0,0
"157","Triglops murrayi",0,0
"158","Urophycis chuss",0,0
"159","Urophycis tenuis",0,0
"160","Zoarces americanus",0,0
"161","Alosa pseudoharengus",0,0
"162","Amblyraja radiata",0,0
"163","Argentina silus",0,0
"164","Benthosema glaciale",0,0
"165","Centroscyllium fabricii",0,0
"166","Citharichthys arctifrons",0,0
"167","Clupea harengus",0,5
"168","Enchelyopus cimbrius",0,3
"169","Glyptocephalus cynoglossus",5056,8
"170","Helicolenus dactylopterus",0,0
"171","Hippoglossoides platessoides",0,0
"172","Hippoglossus hippoglossus",0,0
"173","Leptoclinus maculatus",0,0
"174","Leucoraja erinacea",0,0
"175","Lophius americanus",0,0
"176","Lumpenus lampretaeformis",0,0
"177","Melanogrammus aeglefinus",0,0
"178","Merluccius albidus",0,0
"179","Merluccius bilinearis",7147,56
"180","Myoxocephalus octodecemspinosus",0,0
"181","Notoscopelus elongatus",0,0
"182","Phycis chesteri",0,0
"183","Pollachius virens",0,0
"184","Pseudopleuronectes americanus",0,0
"185","Scomber scombrus",0,0
"186","Sebastes g.",0,0
"187","Squalus acanthias",0,0
"188","Tautogolabrus adspersus",0,0
"189","Triglops murrayi",0,0
"190","Urophycis chuss",0,0
"191","Urophycis tenuis",0,3
"192","Zoarces americanus",0,0
"193","Alosa pseudoharengus",0,0
"194","Amblyraja radiata",0,0
"195","Argentina silus",0,0
"196","Benthosema glaciale",0,0
"197","Centroscyllium fabricii",0,0
"198","Citharichthys arctifrons",0,0
"199","Clupea harengus",0,13.15028902
"200","Enchelyopus cimbrius",22531,1.011560694
"201","Glyptocephalus cynoglossus",0,3.034682081
"202","Helicolenus dactylopterus",0,0
"203","Hippoglossoides platessoides",0,21.24277457
"204","Hippoglossus hippoglossus",0,0
"205","Leptoclinus maculatus",0,0
"206","Leucoraja erinacea",0,0
"207","Lophius americanus",0,0
"208","Lumpenus lampretaeformis",14952,3.034682081
"209","Melanogrammus aeglefinus",0,0
"210","Merluccius albidus",0,0
"211","Merluccius bilinearis",0,2.023121387
"212","Myoxocephalus octodecemspinosus",0,0
"213","Notoscopelus elongatus",0,0
"214","Phycis chesteri",0,0
"215","Pollachius virens",0,0
"216","Pseudopleuronectes americanus",0,0
"217","Scomber scombrus",11756,0
"218","Sebastes g.",0,16.1849711
"219","Squalus acanthias",0,0
"220","Tautogolabrus adspersus",0,0
"221","Triglops murrayi",0,0
"222","Urophycis chuss",0,0
"223","Urophycis tenuis",0,0
"224","Zoarces americanus",0,0
"225","Alosa pseudoharengus",0,0
"226","Amblyraja radiata",0,0
"227","Argentina silus",0,0
"228","Benthosema glaciale",0,0
"229","Centroscyllium fabricii",0,0
"230","Citharichthys arctifrons",0,0
"231","Clupea harengus",0,0
"232","Enchelyopus cimbrius",0,0
"233","Glyptocephalus cynoglossus",0,0
"234","Helicolenus dactylopterus",0,0
"235","Hippoglossoides platessoides",0,185.1744186
"236","Hippoglossus hippoglossus",0,0
"237","Leptoclinus maculatus",0,7.122093023
"238","Leucoraja erinacea",0,0
"239","Lophius americanus",0,0
"240","Lumpenus lampretaeformis",0,0
"241","Melanogrammus aeglefinus",0,0
"242","Merluccius albidus",0,0
"243","Merluccius bilinearis",0,0
"244","Myoxocephalus octodecemspinosus",0,1.01744186
"245","Notoscopelus elongatus",0,0
"246","Phycis chesteri",0,0
"247","Pollachius virens",0,0
"248","Pseudopleuronectes americanus",0,0
"249","Scomber scombrus",0,0
"250","Sebastes g.",0,0
"251","Squalus acanthias",0,0
"252","Tautogolabrus adspersus",0,0
"253","Triglops murrayi",0,19.33139535
"254","Urophycis chuss",0,0
"255","Urophycis tenuis",0,0
"256","Zoarces americanus",0,0
"257","Alosa pseudoharengus",0,0
"258","Amblyraja radiata",0,0
"259","Argentina silus",0,0
"260","Benthosema glaciale",0,0
"261","Centroscyllium fabricii",0,0
"262","Citharichthys arctifrons",0,0
"263","Clupea harengus",608,25.85227273
"264","Enchelyopus cimbrius",0,0
"265","Glyptocephalus cynoglossus",12224,0
"266","Helicolenus dactylopterus",0,0
"267","Hippoglossoides platessoides",7637,118.3238636
"268","Hippoglossus hippoglossus",0,0.994318182
"269","Leptoclinus maculatus",0,31.81818182
"270","Leucoraja erinacea",0,0
"271","Lophius americanus",0,0
"272","Lumpenus lampretaeformis",35255,8.948863636
"273","Melanogrammus aeglefinus",0,0
"274","Merluccius albidus",0,0
"275","Merluccius bilinearis",0,0
"276","Myoxocephalus octodecemspinosus",0,0.994318182
"277","Notoscopelus elongatus",0,0
"278","Phycis chesteri",0,0
"279","Pollachius virens",0,0
"280","Pseudopleuronectes americanus",0,0
"281","Scomber scombrus",0,0
"282","Sebastes g.",26605,2.982954545
"283","Squalus acanthias",0,0
"284","Tautogolabrus adspersus",0,0
"285","Triglops murrayi",0,0.994318182
"286","Urophycis chuss",0,0
"287","Urophycis tenuis",0,0
"288","Zoarces americanus",0,0
"289","Alosa pseudoharengus",0,0
"290","Amblyraja radiata",0,0
"291","Argentina silus",0,0
"292","Benthosema glaciale",0,0
"293","Centroscyllium fabricii",0,0
"294","Citharichthys arctifrons",0,0
"295","Clupea harengus",0,1.988636364
"296","Enchelyopus cimbrius",0,0
"297","Glyptocephalus cynoglossus",0,0
"298","Helicolenus dactylopterus",0,0
"299","Hippoglossoides platessoides",8357,261.5056818
"300","Hippoglossus hippoglossus",0,0
"301","Leptoclinus maculatus",12366,5.965909091
"302","Leucoraja erinacea",0,0
"303","Lophius americanus",0,0
"304","Lumpenus lampretaeformis",7454,10.9375
"305","Melanogrammus aeglefinus",0,0
"306","Merluccius albidus",0,0
"307","Merluccius bilinearis",0,0.994318182
"308","Myoxocephalus octodecemspinosus",0,0
"309","Notoscopelus elongatus",0,0
"310","Phycis chesteri",0,0
"311","Pollachius virens",0,0
"312","Pseudopleuronectes americanus",0,0
"313","Scomber scombrus",0,0
"314","Sebastes g.",0,0
"315","Squalus acanthias",0,0
"316","Tautogolabrus adspersus",0,0
"317","Triglops murrayi",0,0
"318","Urophycis chuss",0,0
"319","Urophycis tenuis",0,0
"320","Zoarces americanus",0,0
"321","Alosa pseudoharengus",0,0
"322","Amblyraja radiata",0,0
"323","Argentina silus",0,0
"324","Benthosema glaciale",4744,0
"325","Centroscyllium fabricii",790,11.06321839
"326","Citharichthys arctifrons",0,0
"327","Clupea harengus",0,0
"328","Enchelyopus cimbrius",0,0
"329","Glyptocephalus cynoglossus",959,3.017241379
"330","Helicolenus dactylopterus",0,0
"331","Hippoglossoides platessoides",0,0
"332","Hippoglossus hippoglossus",0,0
"333","Leptoclinus maculatus",0,0
"334","Leucoraja erinacea",0,0
"335","Lophius americanus",0,0
"336","Lumpenus lampretaeformis",0,0
"337","Melanogrammus aeglefinus",0,0
"338","Merluccius albidus",0,0
"339","Merluccius bilinearis",34,3.017241379
"340","Myoxocephalus octodecemspinosus",0,0
"341","Notoscopelus elongatus",0,2.011494253
"342","Phycis chesteri",2634,2.011494253
"343","Pollachius virens",0,4.022988506
"344","Pseudopleuronectes americanus",0,0
"345","Scomber scombrus",0,0
"346","Sebastes g.",35437,4030.028736
"347","Squalus acanthias",0,0
"348","Tautogolabrus adspersus",0,0
"349","Triglops murrayi",0,0
"350","Urophycis chuss",0,0
"351","Urophycis tenuis",0,4.022988506
"352","Zoarces americanus",0,0
"353","Alosa pseudoharengus",0,0
"354","Amblyraja radiata",0,3.070175439
"355","Argentina silus",0,0
"356","Benthosema glaciale",0,0
"357","Centroscyllium fabricii",0,0
"358","Citharichthys arctifrons",0,0
"359","Clupea harengus",0,177.0467836
"360","Enchelyopus cimbrius",14422,1.023391813
"361","Glyptocephalus cynoglossus",11061,7.16374269
"362","Helicolenus dactylopterus",0,0
"363","Hippoglossoides platessoides",0,14.32748538
"364","Hippoglossus hippoglossus",0,1.023391813
"365","Leptoclinus maculatus",0,0
"366","Leucoraja erinacea",0,0
"367","Lophius americanus",0,0
"368","Lumpenus lampretaeformis",0,0
"369","Melanogrammus aeglefinus",0,0
"370","Merluccius albidus",0,0
"371","Merluccius bilinearis",12982,2.046783626
"372","Myoxocephalus octodecemspinosus",0,0
"373","Notoscopelus elongatus",0,0
"374","Phycis chesteri",0,0
"375","Pollachius virens",0,0
"376","Pseudopleuronectes americanus",16047,0
"377","Scomber scombrus",49373,12.28070175
"378","Sebastes g.",24573,228.2163743
"379","Squalus acanthias",0,0
"380","Tautogolabrus adspersus",0,0
"381","Triglops murrayi",0,0
"382","Urophycis chuss",0,0
"383","Urophycis tenuis",0,12.28070175
"384","Zoarces americanus",0,0
"385","Alosa pseudoharengus",0,0
"386","Amblyraja radiata",0,0.994318182
"387","Argentina silus",0,0
"388","Benthosema glaciale",25323,0
"389","Centroscyllium fabricii",0,0
"390","Citharichthys arctifrons",0,0
"391","Clupea harengus",0,0
"392","Enchelyopus cimbrius",860,0
"393","Glyptocephalus cynoglossus",0,16.90340909
"394","Helicolenus dactylopterus",0,0
"395","Hippoglossoides platessoides",0,0.994318182
"396","Hippoglossus hippoglossus",0,0
"397","Leptoclinus maculatus",0,0
"398","Leucoraja erinacea",0,0
"399","Lophius americanus",3651,0
"400","Lumpenus lampretaeformis",0,0
"401","Melanogrammus aeglefinus",0,0
"402","Merluccius albidus",0,0
"403","Merluccius bilinearis",0,0
"404","Myoxocephalus octodecemspinosus",0,0
"405","Notoscopelus elongatus",0,0
"406","Phycis chesteri",0,0.994318182
"407","Pollachius virens",0,0
"408","Pseudopleuronectes americanus",0,0
"409","Scomber scombrus",0,0
"410","Sebastes g.",607965,103.4090909
"411","Squalus acanthias",0,0
"412","Tautogolabrus adspersus",0,0
"413","Triglops murrayi",0,0
"414","Urophycis chuss",0,0
"415","Urophycis tenuis",0,0
"416","Zoarces americanus",0,0
"417","Alosa pseudoharengus",0,0
"418","Amblyraja radiata",0,0
"419","Argentina silus",0,0
"420","Benthosema glaciale",0,0
"421","Centroscyllium fabricii",0,0
"422","Citharichthys arctifrons",0,0
"423","Clupea harengus",0,14.08045977
"424","Enchelyopus cimbrius",0,2.011494253
"425","Glyptocephalus cynoglossus",20313,375.1436782
"426","Helicolenus dactylopterus",0,0
"427","Hippoglossoides platessoides",25508,87.5
"428","Hippoglossus hippoglossus",8143,1.005747126
"429","Leptoclinus maculatus",0,0
"430","Leucoraja erinacea",0,0
"431","Lophius americanus",0,0
"432","Lumpenus lampretaeformis",0,0
"433","Melanogrammus aeglefinus",0,0
"434","Merluccius albidus",0,0
"435","Merluccius bilinearis",0,12.06896552
"436","Myoxocephalus octodecemspinosus",0,0
"437","Notoscopelus elongatus",0,0
"438","Phycis chesteri",0,0
"439","Pollachius virens",0,0
"440","Pseudopleuronectes americanus",0,0
"441","Scomber scombrus",0,0
"442","Sebastes g.",6300,33.18965517
"443","Squalus acanthias",0,0
"444","Tautogolabrus adspersus",0,0
"445","Triglops murrayi",0,0
"446","Urophycis chuss",0,0
"447","Urophycis tenuis",0,4.022988506
"448","Zoarces americanus",0,0
"449","Alosa pseudoharengus",0,0
"450","Amblyraja radiata",0,0
"451","Argentina silus",0,0
"452","Benthosema glaciale",0,0
"453","Centroscyllium fabricii",0,0
"454","Citharichthys arctifrons",0,0
"455","Clupea harengus",0,95.57692308
"456","Enchelyopus cimbrius",0,0
"457","Glyptocephalus cynoglossus",11413,49.80769231
"458","Helicolenus dactylopterus",0,0
"459","Hippoglossoides platessoides",8737,33.65384615
"460","Hippoglossus hippoglossus",0,0
"461","Leptoclinus maculatus",0,0
"462","Leucoraja erinacea",0,0
"463","Lophius americanus",0,0
"464","Lumpenus lampretaeformis",0,0
"465","Melanogrammus aeglefinus",0,5.384615385
"466","Merluccius albidus",0,0
"467","Merluccius bilinearis",0,0
"468","Myoxocephalus octodecemspinosus",0,0
"469","Notoscopelus elongatus",0,0
"470","Phycis chesteri",0,0
"471","Pollachius virens",0,0
"472","Pseudopleuronectes americanus",0,0
"473","Scomber scombrus",0,0
"474","Sebastes g.",25737,126.5384615
"475","Squalus acanthias",0,0
"476","Tautogolabrus adspersus",0,0
"477","Triglops murrayi",0,0
"478","Urophycis chuss",0,0
"479","Urophycis tenuis",4467,0
"480","Zoarces americanus",0,0
"481","Alosa pseudoharengus",0,0
"482","Amblyraja radiata",7310,0
"483","Argentina silus",0,0
"484","Benthosema glaciale",0,0
"485","Centroscyllium fabricii",0,0
"486","Citharichthys arctifrons",0,0
"487","Clupea harengus",0,0
"488","Enchelyopus cimbrius",0,0
"489","Glyptocephalus cynoglossus",3065,1.43442623
"490","Helicolenus dactylopterus",0,0
"491","Hippoglossoides platessoides",275325,30.12295082
"492","Hippoglossus hippoglossus",0,0
"493","Leptoclinus maculatus",0,0
"494","Leucoraja erinacea",0,0
"495","Lophius americanus",0,0
"496","Lumpenus lampretaeformis",6476,0
"497","Melanogrammus aeglefinus",0,0
"498","Merluccius albidus",0,0
"499","Merluccius bilinearis",0,0
"500","Myoxocephalus octodecemspinosus",0,0
"501","Notoscopelus elongatus",0,0
"502","Phycis chesteri",0,0
"503","Pollachius virens",0,0
"504","Pseudopleuronectes americanus",0,0
"505","Scomber scombrus",0,0
"506","Sebastes g.",0,0
"507","Squalus acanthias",0,0
"508","Tautogolabrus adspersus",0,0
"509","Triglops murrayi",0,0
"510","Urophycis chuss",0,0
"511","Urophycis tenuis",0,0
"512","Zoarces americanus",0,0
"513","Alosa pseudoharengus",0,0
"514","Amblyraja radiata",2670,34.41011236
"515","Argentina silus",0,0
"516","Benthosema glaciale",0,0
"517","Centroscyllium fabricii",0,0
"518","Citharichthys arctifrons",0,0
"519","Clupea harengus",0,0
"520","Enchelyopus cimbrius",0,0
"521","Glyptocephalus cynoglossus",0,6.882022472
"522","Helicolenus dactylopterus",0,0
"523","Hippoglossoides platessoides",5596,19.66292135
"524","Hippoglossus hippoglossus",0,0
"525","Leptoclinus maculatus",0,0
"526","Leucoraja erinacea",0,0
"527","Lophius americanus",0,0
"528","Lumpenus lampretaeformis",0,0
"529","Melanogrammus aeglefinus",0,0
"530","Merluccius albidus",0,0
"531","Merluccius bilinearis",0,0.983146067
"532","Myoxocephalus octodecemspinosus",0,23.59550562
"533","Notoscopelus elongatus",0,0
"534","Phycis chesteri",0,0
"535","Pollachius virens",0,0
"536","Pseudopleuronectes americanus",0,0
"537","Scomber scombrus",0,0
"538","Sebastes g.",0,0
"539","Squalus acanthias",0,0
"540","Tautogolabrus adspersus",0,0
"541","Triglops murrayi",0,6.882022472
"542","Urophycis chuss",0,0
"543","Urophycis tenuis",0,0
"544","Zoarces americanus",0,0
"545","Alosa pseudoharengus",0,0
"546","Amblyraja radiata",0,0
"547","Argentina silus",0,0
"548","Benthosema glaciale",0,0
"549","Centroscyllium fabricii",0,0
"550","Citharichthys arctifrons",0,0
"551","Clupea harengus",0,1.206896552
"552","Enchelyopus cimbrius",0,0
"553","Glyptocephalus cynoglossus",0,0
"554","Helicolenus dactylopterus",0,0
"555","Hippoglossoides platessoides",0,0
"556","Hippoglossus hippoglossus",0,0
"557","Leptoclinus maculatus",0,0
"558","Leucoraja erinacea",0,0
"559","Lophius americanus",0,0
"560","Lumpenus lampretaeformis",0,0
"561","Melanogrammus aeglefinus",3797,100.1724138
"562","Merluccius albidus",0,0
"563","Merluccius bilinearis",3,13.27586207
"564","Myoxocephalus octodecemspinosus",0,0
"565","Notoscopelus elongatus",0,0
"566","Phycis chesteri",0,0
"567","Pollachius virens",0,76.03448276
"568","Pseudopleuronectes americanus",0,0
"569","Scomber scombrus",0,0
"570","Sebastes g.",4578,2558.62069
"571","Squalus acanthias",0,12.06896552
"572","Tautogolabrus adspersus",0,0
"573","Triglops murrayi",0,0
"574","Urophycis chuss",0,0
"575","Urophycis tenuis",0,0
"576","Zoarces americanus",0,0
"577","Alosa pseudoharengus",0,0
"578","Amblyraja radiata",0,1
"579","Argentina silus",0,0
"580","Benthosema glaciale",0,0
"581","Centroscyllium fabricii",0,0
"582","Citharichthys arctifrons",0,0
"583","Clupea harengus",0,8
"584","Enchelyopus cimbrius",0,0
"585","Glyptocephalus cynoglossus",11152,55
"586","Helicolenus dactylopterus",0,0
"587","Hippoglossoides platessoides",0,13
"588","Hippoglossus hippoglossus",0,2
"589","Leptoclinus maculatus",0,0
"590","Leucoraja erinacea",0,0
"591","Lophius americanus",0,3
"592","Lumpenus lampretaeformis",0,0
"593","Melanogrammus aeglefinus",0,119
"594","Merluccius albidus",0,0
"595","Merluccius bilinearis",118601,90
"596","Myoxocephalus octodecemspinosus",0,4
"597","Notoscopelus elongatus",0,0
"598","Phycis chesteri",0,0
"599","Pollachius virens",0,0
"600","Pseudopleuronectes americanus",0,0
"601","Scomber scombrus",0,0
"602","Sebastes g.",0,0
"603","Squalus acanthias",0,0
"604","Tautogolabrus adspersus",0,0
"605","Triglops murrayi",0,0
"606","Urophycis chuss",0,0
"607","Urophycis tenuis",0,0
"608","Zoarces americanus",0,1
"609","Alosa pseudoharengus",82,1.25
"610","Amblyraja radiata",0,0
"611","Argentina silus",0,0
"612","Benthosema glaciale",0,0
"613","Centroscyllium fabricii",0,0
"614","Citharichthys arctifrons",0,0
"615","Clupea harengus",0,1.25
"616","Enchelyopus cimbrius",0,0
"617","Glyptocephalus cynoglossus",0,6.25
"618","Helicolenus dactylopterus",0,0
"619","Hippoglossoides platessoides",0,1.25
"620","Hippoglossus hippoglossus",0,0
"621","Leptoclinus maculatus",0,0
"622","Leucoraja erinacea",0,0
"623","Lophius americanus",0,1.25
"624","Lumpenus lampretaeformis",0,0
"625","Melanogrammus aeglefinus",0,22.5
"626","Merluccius albidus",4,0
"627","Merluccius bilinearis",0,138.75
"628","Myoxocephalus octodecemspinosus",1,1.25
"629","Notoscopelus elongatus",0,0
"630","Phycis chesteri",0,0
"631","Pollachius virens",0,178.75
"632","Pseudopleuronectes americanus",0,0
"633","Scomber scombrus",0,0
"634","Sebastes g.",0,108.75
"635","Squalus acanthias",0,0
"636","Tautogolabrus adspersus",0,0
"637","Triglops murrayi",0,0
"638","Urophycis chuss",0,13.75
"639","Urophycis tenuis",0,10
"640","Zoarces americanus",0,0
"641","Alosa pseudoharengus",0,0
"642","Amblyraja radiata",0,0
"643","Argentina silus",0,0
"644","Benthosema glaciale",0,0
"645","Centroscyllium fabricii",0,0
"646","Citharichthys arctifrons",0,1.944444444
"647","Clupea harengus",0,0
"648","Enchelyopus cimbrius",0,0
"649","Glyptocephalus cynoglossus",1604,0
"650","Helicolenus dactylopterus",0,0
"651","Hippoglossoides platessoides",0,0
"652","Hippoglossus hippoglossus",0,0
"653","Leptoclinus maculatus",0,0
"654","Leucoraja erinacea",0,0
"655","Lophius americanus",0,0
"656","Lumpenus lampretaeformis",0,0
"657","Melanogrammus aeglefinus",2371,36.94444444
"658","Merluccius albidus",0,0
"659","Merluccius bilinearis",19016,30.13888889
"660","Myoxocephalus octodecemspinosus",0,0
"661","Notoscopelus elongatus",0,0
"662","Phycis chesteri",0,0
"663","Pollachius virens",0,0
"664","Pseudopleuronectes americanus",0,0
"665","Scomber scombrus",0,3.888888889
"666","Sebastes g.",0,0
"667","Squalus acanthias",0,0
"668","Tautogolabrus adspersus",0,0
"669","Triglops murrayi",0,0
"670","Urophycis chuss",7156,6.805555556
"671","Urophycis tenuis",0,0
"672","Zoarces americanus",0,0
"673","Alosa pseudoharengus",0,0
"674","Amblyraja radiata",0,0
"675","Argentina silus",0,0
"676","Benthosema glaciale",0,0
"677","Centroscyllium fabricii",0,0
"678","Citharichthys arctifrons",0,0
"679","Clupea harengus",338,0
"680","Enchelyopus cimbrius",0,0
"681","Glyptocephalus cynoglossus",0,0
"682","Helicolenus dactylopterus",0,0
"683","Hippoglossoides platessoides",0,0
"684","Hippoglossus hippoglossus",0,0
"685","Leptoclinus maculatus",0,0
"686","Leucoraja erinacea",0,0
"687","Lophius americanus",0,0
"688","Lumpenus lampretaeformis",0,0
"689","Melanogrammus aeglefinus",0,49.41176471
"690","Merluccius albidus",0,0
"691","Merluccius bilinearis",0,9.264705882
"692","Myoxocephalus octodecemspinosus",0,0
"693","Notoscopelus elongatus",0,0
"694","Phycis chesteri",0,0
"695","Pollachius virens",0,0
"696","Pseudopleuronectes americanus",0,0
"697","Scomber scombrus",0,0
"698","Sebastes g.",0,0
"699","Squalus acanthias",0,0
"700","Tautogolabrus adspersus",5796,1.029411765
"701","Triglops murrayi",0,0
"702","Urophycis chuss",5389,0
"703","Urophycis tenuis",0,0
"704","Zoarces americanus",0,0
"705","Alosa pseudoharengus",0,0
"706","Amblyraja radiata",0,0
"707","Argentina silus",0,0
"708","Benthosema glaciale",0,0
"709","Centroscyllium fabricii",0,0
"710","Citharichthys arctifrons",31793,22.96875
"711","Clupea harengus",0,1.09375
"712","Enchelyopus cimbrius",0,0
"713","Glyptocephalus cynoglossus",0,2.1875
"714","Helicolenus dactylopterus",0,0
"715","Hippoglossoides platessoides",114,1.09375
"716","Hippoglossus hippoglossus",0,1.09375
"717","Leptoclinus maculatus",0,0
"718","Leucoraja erinacea",7320,1.09375
"719","Lophius americanus",0,1.09375
"720","Lumpenus lampretaeformis",0,0
"721","Melanogrammus aeglefinus",13119,120.3125
"722","Merluccius albidus",88,0
"723","Merluccius bilinearis",0,7.65625
"724","Myoxocephalus octodecemspinosus",6989,15.3125
"725","Notoscopelus elongatus",0,0
"726","Phycis chesteri",0,0
"727","Pollachius virens",0,0
"728","Pseudopleuronectes americanus",5715,0
"729","Scomber scombrus",0,0
"730","Sebastes g.",0,18.59375
"731","Squalus acanthias",0,0
"732","Tautogolabrus adspersus",0,0
"733","Triglops murrayi",0,0
"734","Urophycis chuss",15826,2.1875
"735","Urophycis tenuis",0,0
"736","Zoarces americanus",0,0
"737","Alosa pseudoharengus",0,0
"738","Amblyraja radiata",0,0
"739","Argentina silus",0,13.61111111
"740","Benthosema glaciale",0,0
"741","Centroscyllium fabricii",0,0
"742","Citharichthys arctifrons",0,0
"743","Clupea harengus",0,0
"744","Enchelyopus cimbrius",0,0
"745","Glyptocephalus cynoglossus",0,0.972222222
"746","Helicolenus dactylopterus",7976,535.6944444
"747","Hippoglossoides platessoides",0,0
"748","Hippoglossus hippoglossus",0,0
"749","Leptoclinus maculatus",0,0
"750","Leucoraja erinacea",0,0
"751","Lophius americanus",0,0
"752","Lumpenus lampretaeformis",0,0
"753","Melanogrammus aeglefinus",0,14.58333333
"754","Merluccius albidus",453549,1.944444444
"755","Merluccius bilinearis",134850,27.22222222
"756","Myoxocephalus octodecemspinosus",0,0
"757","Notoscopelus elongatus",3402,0
"758","Phycis chesteri",0,0
"759","Pollachius virens",0,1.944444444
"760","Pseudopleuronectes americanus",0,0
"761","Scomber scombrus",0,0
"762","Sebastes g.",0,220.6944444
"763","Squalus acanthias",0,0
"764","Tautogolabrus adspersus",0,0
"765","Triglops murrayi",0,0
"766","Urophycis chuss",2438,0
"767","Urophycis tenuis",0,5.833333333
"768","Zoarces americanus",0,0
"769","Alosa pseudoharengus",0,0
"770","Amblyraja radiata",0,0
"771","Argentina silus",0,0
"772","Benthosema glaciale",0,0.972222222
"773","Centroscyllium fabricii",0,0
"774","Citharichthys arctifrons",0,0
"775","Clupea harengus",0,0.972222222
"776","Enchelyopus cimbrius",30973,0
"777","Glyptocephalus cynoglossus",0,0.972222222
"778","Helicolenus dactylopterus",0,0
"779","Hippoglossoides platessoides",0,0
"780","Hippoglossus hippoglossus",0,0
"781","Leptoclinus maculatus",0,0
"782","Leucoraja erinacea",0,0
"783","Lophius americanus",0,1.944444444
"784","Lumpenus lampretaeformis",0,0
"785","Melanogrammus aeglefinus",0,6.805555556
"786","Merluccius albidus",0,0.972222222
"787","Merluccius bilinearis",9485,18.47222222
"788","Myoxocephalus octodecemspinosus",0,0
"789","Notoscopelus elongatus",0,0
"790","Phycis chesteri",0,0
"791","Pollachius virens",0,0
"792","Pseudopleuronectes americanus",0,0
"793","Scomber scombrus",2968,0
"794","Sebastes g.",0,14.58333333
"795","Squalus acanthias",0,0
"796","Tautogolabrus adspersus",0,0
"797","Triglops murrayi",0,0
"798","Urophycis chuss",0,12.63888889
"799","Urophycis tenuis",0,0
"800","Zoarces americanus",0,0
"801","Alosa pseudoharengus",1213,0
"802","Amblyraja radiata",0,0
"803","Argentina silus",32743,0
"804","Benthosema glaciale",0,0
"805","Centroscyllium fabricii",0,0
"806","Citharichthys arctifrons",0,1.029411765
"807","Clupea harengus",0,19.55882353
"808","Enchelyopus cimbrius",14792,0
"809","Glyptocephalus cynoglossus",0,1.029411765
"810","Helicolenus dactylopterus",2712,0
"811","Hippoglossoides platessoides",0,2.058823529
"812","Hippoglossus hippoglossus",60894,0
"813","Leptoclinus maculatus",0,0
"814","Leucoraja erinacea",0,0
"815","Lophius americanus",0,1.029411765
"816","Lumpenus lampretaeformis",0,0
"817","Melanogrammus aeglefinus",142139,1.029411765
"818","Merluccius albidus",0,0
"819","Merluccius bilinearis",159228,237.7941176
"820","Myoxocephalus octodecemspinosus",0,1.029411765
"821","Notoscopelus elongatus",0,0
"822","Phycis chesteri",0,0
"823","Pollachius virens",0,3.088235294
"824","Pseudopleuronectes americanus",0,0
"825","Scomber scombrus",16784,3.088235294
"826","Sebastes g.",43277,18.52941176
"827","Squalus acanthias",735,0
"828","Tautogolabrus adspersus",0,0
"829","Triglops murrayi",0,0
"830","Urophycis chuss",0,12.35294118
"831","Urophycis tenuis",52315,10.29411765
"832","Zoarces americanus",0,1.029411765
"833","Alosa pseudoharengus",0,0
"834","Amblyraja radiata",0,0
"835","Argentina silus",0,0
"836","Benthosema glaciale",0,0
"837","Centroscyllium fabricii",0,0
"838","Citharichthys arctifrons",0,2.916666667
"839","Clupea harengus",4820,38.88888889
"840","Enchelyopus cimbrius",0,0
"841","Glyptocephalus cynoglossus",0,5.833333333
"842","Helicolenus dactylopterus",0,0
"843","Hippoglossoides platessoides",0,0
"844","Hippoglossus hippoglossus",0,0
"845","Leptoclinus maculatus",0,0
"846","Leucoraja erinacea",0,0
"847","Lophius americanus",0,1.944444444
"848","Lumpenus lampretaeformis",0,0
"849","Melanogrammus aeglefinus",0,6.805555556
"850","Merluccius albidus",0,0
"851","Merluccius bilinearis",992,115.6944444
"852","Myoxocephalus octodecemspinosus",0,0.972222222
"853","Notoscopelus elongatus",0,0
"854","Phycis chesteri",0,0
"855","Pollachius virens",0,0
"856","Pseudopleuronectes americanus",0,0
"857","Scomber scombrus",0,0
"858","Sebastes g.",0,0
"859","Squalus acanthias",0,0
"860","Tautogolabrus adspersus",0,0
"861","Triglops murrayi",0,0
"862","Urophycis chuss",0,13.61111111
"863","Urophycis tenuis",0,2.916666667
"864","Zoarces americanus",0,0
"865","Alosa pseudoharengus",0,0
"866","Amblyraja radiata",0,0
"867","Argentina silus",0,0
"868","Benthosema glaciale",0,0
"869","Centroscyllium fabricii",0,0
"870","Citharichthys arctifrons",0,0
"871","Clupea harengus",4342,133
"872","Enchelyopus cimbrius",0,0
"873","Glyptocephalus cynoglossus",0,0
"874","Helicolenus dactylopterus",0,0
"875","Hippoglossoides platessoides",0,0
"876","Hippoglossus hippoglossus",0,2
"877","Leptoclinus maculatus",0,0
"878","Leucoraja erinacea",0,0
"879","Lophius americanus",0,0
"880","Lumpenus lampretaeformis",0,0
"881","Melanogrammus aeglefinus",0,33
"882","Merluccius albidus",0,0
"883","Merluccius bilinearis",10002,5
"884","Myoxocephalus octodecemspinosus",0,1
"885","Notoscopelus elongatus",0,0
"886","Phycis chesteri",0,0
"887","Pollachius virens",0,0
"888","Pseudopleuronectes americanus",0,4
"889","Scomber scombrus",0,0
"890","Sebastes g.",9518,0
"891","Squalus acanthias",0,0
"892","Tautogolabrus adspersus",0,0
"893","Triglops murrayi",0,0
"894","Urophycis chuss",0,0
"895","Urophycis tenuis",0,0
"896","Zoarces americanus",0,0
"897","Alosa pseudoharengus",0,0
"898","Amblyraja radiata",0,0
"899","Argentina silus",0,0
"900","Benthosema glaciale",0,0
"901","Centroscyllium fabricii",0,0
"902","Citharichthys arctifrons",0,0
"903","Clupea harengus",131,0
"904","Enchelyopus cimbrius",0,0
"905","Glyptocephalus cynoglossus",0,0
"906","Helicolenus dactylopterus",0,0
"907","Hippoglossoides platessoides",5719,0
"908","Hippoglossus hippoglossus",0,1.029411765
"909","Leptoclinus maculatus",0,0
"910","Leucoraja erinacea",0,0
"911","Lophius americanus",0,2.058823529
"912","Lumpenus lampretaeformis",0,0
"913","Melanogrammus aeglefinus",0,122.5
"914","Merluccius albidus",0,0
"915","Merluccius bilinearis",5931,11.32352941
"916","Myoxocephalus octodecemspinosus",3103,0
"917","Notoscopelus elongatus",0,0
"918","Phycis chesteri",0,0
"919","Pollachius virens",0,0
"920","Pseudopleuronectes americanus",40924,2.058823529
"921","Scomber scombrus",0,0
"922","Sebastes g.",0,0
"923","Squalus acanthias",0,0
"924","Tautogolabrus adspersus",0,0
"925","Triglops murrayi",0,0
"926","Urophycis chuss",0,3.088235294
"927","Urophycis tenuis",0,1.029411765
"928","Zoarces americanus",0,0
"929","Alosa pseudoharengus",0,0
"930","Amblyraja radiata",0,0
"931","Argentina silus",0,0
"932","Benthosema glaciale",0,0
"933","Centroscyllium fabricii",0,0
"934","Citharichthys arctifrons",0,0
"935","Clupea harengus",0,0
"936","Enchelyopus cimbrius",0,0
"937","Glyptocephalus cynoglossus",0,0
"938","Helicolenus dactylopterus",0,0
"939","Hippoglossoides platessoides",2068,0
"940","Hippoglossus hippoglossus",9173,1.09375
"941","Leptoclinus maculatus",0,0
"942","Leucoraja erinacea",0,0
"943","Lophius americanus",0,0
"944","Lumpenus lampretaeformis",0,0
"945","Melanogrammus aeglefinus",4078,219.84375
"946","Merluccius albidus",5914,0
"947","Merluccius bilinearis",480829,5.46875
"948","Myoxocephalus octodecemspinosus",0,0
"949","Notoscopelus elongatus",0,0
"950","Phycis chesteri",0,0
"951","Pollachius virens",0,0
"952","Pseudopleuronectes americanus",0,0
"953","Scomber scombrus",0,0
"954","Sebastes g.",0,0
"955","Squalus acanthias",0,0
"956","Tautogolabrus adspersus",0,0
"957","Triglops murrayi",0,0
"958","Urophycis chuss",0,0
"959","Urophycis tenuis",0,0
"960","Zoarces americanus",0,0
"961","Alosa pseudoharengus",0,0
"962","Amblyraja radiata",0,0
"963","Argentina silus",0,0
"964","Benthosema glaciale",0,0
"965","Centroscyllium fabricii",0,0
"966","Citharichthys arctifrons",0,0
"967","Clupea harengus",0,4.242424242
"968","Enchelyopus cimbrius",0,0
"969","Glyptocephalus cynoglossus",0,2.121212121
"970","Helicolenus dactylopterus",0,0
"971","Hippoglossoides platessoides",0,9.545454545
"972","Hippoglossus hippoglossus",0,0
"973","Leptoclinus maculatus",0,0
"974","Leucoraja erinacea",20178,0
"975","Lophius americanus",0,0
"976","Lumpenus lampretaeformis",0,0
"977","Melanogrammus aeglefinus",0,0
"978","Merluccius albidus",0,0
"979","Merluccius bilinearis",2369,13.78787879
"980","Myoxocephalus octodecemspinosus",2859,12.72727273
"981","Notoscopelus elongatus",0,0
"982","Phycis chesteri",0,0
"983","Pollachius virens",0,0
"984","Pseudopleuronectes americanus",1980,0
"985","Scomber scombrus",5572,0
"986","Sebastes g.",0,0
"987","Squalus acanthias",0,0
"988","Tautogolabrus adspersus",0,0
"989","Triglops murrayi",0,1.060606061
"990","Urophycis chuss",0,0
"991","Urophycis tenuis",0,0
"992","Zoarces americanus",0,0
"993","Alosa pseudoharengus",0,0
"994","Amblyraja radiata",0,0
"995","Argentina silus",0,0
"996","Benthosema glaciale",0,0
"997","Centroscyllium fabricii",0,0
"998","Citharichthys arctifrons",0,0
"999","Clupea harengus",237,57.16666667
"1000","Enchelyopus cimbrius",0,0
"1001","Glyptocephalus cynoglossus",2326,3.5
"1002","Helicolenus dactylopterus",0,0
"1003","Hippoglossoides platessoides",853,0
"1004","Hippoglossus hippoglossus",6634,3.5
"1005","Leptoclinus maculatus",0,0
"1006","Leucoraja erinacea",0,0
"1007","Lophius americanus",0,0
"1008","Lumpenus lampretaeformis",0,0
"1009","Melanogrammus aeglefinus",0,0
"1010","Merluccius albidus",0,0
"1011","Merluccius bilinearis",2601,519.1666667
"1012","Myoxocephalus octodecemspinosus",0,3.5
"1013","Notoscopelus elongatus",0,0
"1014","Phycis chesteri",0,0
"1015","Pollachius virens",0,0
"1016","Pseudopleuronectes americanus",0,0
"1017","Scomber scombrus",0,0
"1018","Sebastes g.",0,1.166666667
"1019","Squalus acanthias",0,0
"1020","Tautogolabrus adspersus",0,0
"1021","Triglops murrayi",0,0
"1022","Urophycis chuss",0,0
"1023","Urophycis tenuis",0,1.166666667
"1024","Zoarces americanus",0,0
"1025","Alosa pseudoharengus",0,0
"1026","Amblyraja radiata",0,0
"1027","Argentina silus",0,0
"1028","Benthosema glaciale",0,0
"1029","Centroscyllium fabricii",0,0
"1030","Citharichthys arctifrons",0,0
"1031","Clupea harengus",94,287.65625
"1032","Enchelyopus cimbrius",14193,0
"1033","Glyptocephalus cynoglossus",0,0
"1034","Helicolenus dactylopterus",0,0
"1035","Hippoglossoides platessoides",0,5.46875
"1036","Hippoglossus hippoglossus",0,0
"1037","Leptoclinus maculatus",0,0
"1038","Leucoraja erinacea",0,0
"1039","Lophius americanus",0,0
"1040","Lumpenus lampretaeformis",0,0
"1041","Melanogrammus aeglefinus",0,1.09375
"1042","Merluccius albidus",0,0
"1043","Merluccius bilinearis",0,22.96875
"1044","Myoxocephalus octodecemspinosus",1935,0
"1045","Notoscopelus elongatus",0,0
"1046","Phycis chesteri",0,0
"1047","Pollachius virens",0,0
"1048","Pseudopleuronectes americanus",0,0
"1049","Scomber scombrus",0,0
"1050","Sebastes g.",0,0
"1051","Squalus acanthias",0,0
"1052","Tautogolabrus adspersus",0,0
"1053","Triglops murrayi",0,0
"1054","Urophycis chuss",0,0
"1055","Urophycis tenuis",0,0
"1056","Zoarces americanus",0,0
"1057","Alosa pseudoharengus",0,0
"1058","Amblyraja radiata",0,0
"1059","Argentina silus",0,0
"1060","Benthosema glaciale",0,0
"1061","Centroscyllium fabricii",0,0
"1062","Citharichthys arctifrons",0,1.01744186
"1063","Clupea harengus",0,0
"1064","Enchelyopus cimbrius",0,0
"1065","Glyptocephalus cynoglossus",0,1.01744186
"1066","Helicolenus dactylopterus",0,0
"1067","Hippoglossoides platessoides",0,0
"1068","Hippoglossus hippoglossus",0,0
"1069","Leptoclinus maculatus",0,0
"1070","Leucoraja erinacea",0,1.01744186
"1071","Lophius americanus",0,3.052325581
"1072","Lumpenus lampretaeformis",0,0
"1073","Melanogrammus aeglefinus",0,11.19186047
"1074","Merluccius albidus",0,0
"1075","Merluccius bilinearis",8312,32.55813953
"1076","Myoxocephalus octodecemspinosus",0,1.01744186
"1077","Notoscopelus elongatus",0,0
"1078","Phycis chesteri",0,0
"1079","Pollachius virens",0,0
"1080","Pseudopleuronectes americanus",0,6.104651163
"1081","Scomber scombrus",0,0
"1082","Sebastes g.",0,5.087209302
"1083","Squalus acanthias",6840,0
"1084","Tautogolabrus adspersus",0,0
"1085","Triglops murrayi",0,0
"1086","Urophycis chuss",0,9.156976744
"1087","Urophycis tenuis",0,0
"1088","Zoarces americanus",0,0
"1089","Alosa pseudoharengus",0,0
"1090","Amblyraja radiata",0,0
"1091","Argentina silus",0,0
"1092","Benthosema glaciale",0,0
"1093","Centroscyllium fabricii",0,0
"1094","Citharichthys arctifrons",0,0
"1095","Clupea harengus",0,0
"1096","Enchelyopus cimbrius",0,0
"1097","Glyptocephalus cynoglossus",0,0
"1098","Helicolenus dactylopterus",0,0
"1099","Hippoglossoides platessoides",0,0
"1100","Hippoglossus hippoglossus",0,0
"1101","Leptoclinus maculatus",0,0
"1102","Leucoraja erinacea",0,0
"1103","Lophius americanus",0,0
"1104","Lumpenus lampretaeformis",0,0
"1105","Melanogrammus aeglefinus",0,170.0842697
"1106","Merluccius albidus",78,0
"1107","Merluccius bilinearis",0,0.983146067
"1108","Myoxocephalus octodecemspinosus",0,0
"1109","Notoscopelus elongatus",0,0
"1110","Phycis chesteri",10,0
"1111","Pollachius virens",0,0
"1112","Pseudopleuronectes americanus",0,0
"1113","Scomber scombrus",0,0
"1114","Sebastes g.",2851,0
"1115","Squalus acanthias",1017,0
"1116","Tautogolabrus adspersus",0,0
"1117","Triglops murrayi",0,0
"1118","Urophycis chuss",0,0
"1119","Urophycis tenuis",0,0
"1120","Zoarces americanus",0,0
"1121","Alosa pseudoharengus",0,0
"1122","Amblyraja radiata",0,0
"1123","Argentina silus",0,0
"1124","Benthosema glaciale",0,0
"1125","Centroscyllium fabricii",0,0
"1126","Citharichthys arctifrons",0,0
"1127","Clupea harengus",0,24.27745665
"1128","Enchelyopus cimbrius",0,0
"1129","Glyptocephalus cynoglossus",0,0
"1130","Helicolenus dactylopterus",0,0
"1131","Hippoglossoides platessoides",0,0
"1132","Hippoglossus hippoglossus",0,0
"1133","Leptoclinus maculatus",0,0
"1134","Leucoraja erinacea",0,0
"1135","Lophius americanus",0,0
"1136","Lumpenus lampretaeformis",0,0
"1137","Melanogrammus aeglefinus",0,14.16184971
"1138","Merluccius albidus",0,0
"1139","Merluccius bilinearis",4953,184.1040462
"1140","Myoxocephalus octodecemspinosus",0,0
"1141","Notoscopelus elongatus",0,0
"1142","Phycis chesteri",0,0
"1143","Pollachius virens",0,24.27745665
"1144","Pseudopleuronectes americanus",0,0
"1145","Scomber scombrus",0,0
"1146","Sebastes g.",0,74.85549133
"1147","Squalus acanthias",36734,147.6878613
"1148","Tautogolabrus adspersus",0,0
"1149","Triglops murrayi",0,0
"1150","Urophycis chuss",0,9.104046243
"1151","Urophycis tenuis",0,9.104046243
"1152","Zoarces americanus",0,0
"1153","Alosa pseudoharengus",0,1.01744186
"1154","Amblyraja radiata",0,0
"1155","Argentina silus",0,0
"1156","Benthosema glaciale",0,0
"1157","Centroscyllium fabricii",0,0
"1158","Citharichthys arctifrons",0,0
"1159","Clupea harengus",0,15.26162791
"1160","Enchelyopus cimbrius",11111,3.052325581
"1161","Glyptocephalus cynoglossus",0,7.122093023
"1162","Helicolenus dactylopterus",0,0
"1163","Hippoglossoides platessoides",0,1.01744186
"1164","Hippoglossus hippoglossus",0,0
"1165","Leptoclinus maculatus",0,0
"1166","Leucoraja erinacea",0,0
"1167","Lophius americanus",0,0
"1168","Lumpenus lampretaeformis",0,0
"1169","Melanogrammus aeglefinus",0,0
"1170","Merluccius albidus",0,0
"1171","Merluccius bilinearis",0,293.0232558
"1172","Myoxocephalus octodecemspinosus",0,0
"1173","Notoscopelus elongatus",0,0
"1174","Phycis chesteri",0,0
"1175","Pollachius virens",0,0
"1176","Pseudopleuronectes americanus",0,0
"1177","Scomber scombrus",0,0
"1178","Sebastes g.",0,0
"1179","Squalus acanthias",0,0
"1180","Tautogolabrus adspersus",0,0
"1181","Triglops murrayi",0,0
"1182","Urophycis chuss",5,11.19186047
"1183","Urophycis tenuis",0,13.22674419
"1184","Zoarces americanus",0,0
"1185","Alosa pseudoharengus",0,31.17816092
"1186","Amblyraja radiata",0,0
"1187","Argentina silus",0,0
"1188","Benthosema glaciale",0,0
"1189","Centroscyllium fabricii",0,0
"1190","Citharichthys arctifrons",0,0
"1191","Clupea harengus",7,32.18390805
"1192","Enchelyopus cimbrius",0,0
"1193","Glyptocephalus cynoglossus",0,3.017241379
"1194","Helicolenus dactylopterus",0,0
"1195","Hippoglossoides platessoides",0,0
"1196","Hippoglossus hippoglossus",0,0
"1197","Leptoclinus maculatus",0,0
"1198","Leucoraja erinacea",0,0
"1199","Lophius americanus",0,2.011494253
"1200","Lumpenus lampretaeformis",0,0
"1201","Melanogrammus aeglefinus",0,84.48275862
"1202","Merluccius albidus",0,0
"1203","Merluccius bilinearis",0,84.48275862
"1204","Myoxocephalus octodecemspinosus",0,0
"1205","Notoscopelus elongatus",0,0
"1206","Phycis chesteri",0,0
"1207","Pollachius virens",0,0
"1208","Pseudopleuronectes americanus",0,0
"1209","Scomber scombrus",0,0
"1210","Sebastes g.",0,265.5172414
"1211","Squalus acanthias",0,0
"1212","Tautogolabrus adspersus",0,0
"1213","Triglops murrayi",0,0
"1214","Urophycis chuss",0,1.005747126
"1215","Urophycis tenuis",0,4.022988506
"1216","Zoarces americanus",0,0
"1217","Alosa pseudoharengus",0,1.988636364
"1218","Amblyraja radiata",0,0
"1219","Argentina silus",46,0
"1220","Benthosema glaciale",0,0
"1221","Centroscyllium fabricii",0,0
"1222","Citharichthys arctifrons",0,0
"1223","Clupea harengus",1149,1.988636364
"1224","Enchelyopus cimbrius",4,0
"1225","Glyptocephalus cynoglossus",0,0
"1226","Helicolenus dactylopterus",0,0
"1227","Hippoglossoides platessoides",49,0
"1228","Hippoglossus hippoglossus",92,0
"1229","Leptoclinus maculatus",0,0
"1230","Leucoraja erinacea",0,15.90909091
"1231","Lophius americanus",0,0
"1232","Lumpenus lampretaeformis",0,0
"1233","Melanogrammus aeglefinus",0,8.948863636
"1234","Merluccius albidus",0,0
"1235","Merluccius bilinearis",25,221.7329545
"1236","Myoxocephalus octodecemspinosus",0,92.47159091
"1237","Notoscopelus elongatus",0,0
"1238","Phycis chesteri",0,0
"1239","Pollachius virens",0,0
"1240","Pseudopleuronectes americanus",3695,64.63068182
"1241","Scomber scombrus",0,0
"1242","Sebastes g.",0,0
"1243","Squalus acanthias",0,0
"1244","Tautogolabrus adspersus",0,0.994318182
"1245","Triglops murrayi",0,0
"1246","Urophycis chuss",0,108.3806818
"1247","Urophycis tenuis",87,2.982954545
"1248","Zoarces americanus",0,0
"1249","Alosa pseudoharengus",0,0
"1250","Amblyraja radiata",0,0
"1251","Argentina silus",0,0
"1252","Benthosema glaciale",0,0
"1253","Centroscyllium fabricii",0,0
"1254","Citharichthys arctifrons",0,0
"1255","Clupea harengus",94,40
"1256","Enchelyopus cimbrius",0,1
"1257","Glyptocephalus cynoglossus",0,0
"1258","Helicolenus dactylopterus",0,2
"1259","Hippoglossoides platessoides",0,0
"1260","Hippoglossus hippoglossus",0,0
"1261","Leptoclinus maculatus",0,0
"1262","Leucoraja erinacea",0,0
"1263","Lophius americanus",0,2
"1264","Lumpenus lampretaeformis",0,0
"1265","Melanogrammus aeglefinus",0,8
"1266","Merluccius albidus",0,0
"1267","Merluccius bilinearis",0,265
"1268","Myoxocephalus octodecemspinosus",0,0
"1269","Notoscopelus elongatus",0,0
"1270","Phycis chesteri",0,0
"1271","Pollachius virens",0,18
"1272","Pseudopleuronectes americanus",0,0
"1273","Scomber scombrus",0,0
"1274","Sebastes g.",0,5
"1275","Squalus acanthias",35139,0
"1276","Tautogolabrus adspersus",0,0
"1277","Triglops murrayi",0,0
"1278","Urophycis chuss",0,18
"1279","Urophycis tenuis",0,15
"1280","Zoarces americanus",0,0
"1281","Alosa pseudoharengus",0,0
"1282","Amblyraja radiata",0,0
"1283","Argentina silus",0,0
"1284","Benthosema glaciale",0,0
"1285","Centroscyllium fabricii",0,0
"1286","Citharichthys arctifrons",0,0
"1287","Clupea harengus",0,32
"1288","Enchelyopus cimbrius",0,0
"1289","Glyptocephalus cynoglossus",0,0
"1290","Helicolenus dactylopterus",0,0
"1291","Hippoglossoides platessoides",0,0
"1292","Hippoglossus hippoglossus",0,0
"1293","Leptoclinus maculatus",0,0
"1294","Leucoraja erinacea",0,0
"1295","Lophius americanus",0,0
"1296","Lumpenus lampretaeformis",0,0
"1297","Melanogrammus aeglefinus",0,16
"1298","Merluccius albidus",0,0
"1299","Merluccius bilinearis",5203,216
"1300","Myoxocephalus octodecemspinosus",0,0
"1301","Notoscopelus elongatus",0,0
"1302","Phycis chesteri",0,0
"1303","Pollachius virens",0,4
"1304","Pseudopleuronectes americanus",0,0
"1305","Scomber scombrus",0,0
"1306","Sebastes g.",6616,12
"1307","Squalus acanthias",3752,6
"1308","Tautogolabrus adspersus",0,0
"1309","Triglops murrayi",0,0
"1310","Urophycis chuss",0,22
"1311","Urophycis tenuis",0,6
"1312","Zoarces americanus",0,0
"1313","Alosa pseudoharengus",0,0
"1314","Amblyraja radiata",0,0
"1315","Argentina silus",0,0
"1316","Benthosema glaciale",0,0
"1317","Centroscyllium fabricii",0,0
"1318","Citharichthys arctifrons",0,0
"1319","Clupea harengus",0,2.916666667
"1320","Enchelyopus cimbrius",0,0
"1321","Glyptocephalus cynoglossus",0,0
"1322","Helicolenus dactylopterus",0,3.888888889
"1323","Hippoglossoides platessoides",0,0
"1324","Hippoglossus hippoglossus",0,0
"1325","Leptoclinus maculatus",0,0
"1326","Leucoraja erinacea",0,0
"1327","Lophius americanus",0,0.972222222
"1328","Lumpenus lampretaeformis",0,0
"1329","Melanogrammus aeglefinus",0,9.722222222
"1330","Merluccius albidus",0,0
"1331","Merluccius bilinearis",0,42.77777778
"1332","Myoxocephalus octodecemspinosus",1,0
"1333","Notoscopelus elongatus",0,0
"1334","Phycis chesteri",0,0
"1335","Pollachius virens",0,6.805555556
"1336","Pseudopleuronectes americanus",0,0
"1337","Scomber scombrus",0,0
"1338","Sebastes g.",0,109.8611111
"1339","Squalus acanthias",445,15.55555556
"1340","Tautogolabrus adspersus",0,0
"1341","Triglops murrayi",0,0
"1342","Urophycis chuss",0,1.944444444
"1343","Urophycis tenuis",0,5.833333333
"1344","Zoarces americanus",0,0
"1345","Alosa pseudoharengus",0,0
"1346","Amblyraja radiata",0,0
"1347","Argentina silus",0,0
"1348","Benthosema glaciale",0,0
"1349","Centroscyllium fabricii",0,0
"1350","Citharichthys arctifrons",0,0
"1351","Clupea harengus",0,4.915730337
"1352","Enchelyopus cimbrius",0,0
"1353","Glyptocephalus cynoglossus",0,0
"1354","Helicolenus dactylopterus",0,0
"1355","Hippoglossoides platessoides",0,0
"1356","Hippoglossus hippoglossus",0,0
"1357","Leptoclinus maculatus",0,0
"1358","Leucoraja erinacea",0,0
"1359","Lophius americanus",0,0.983146067
"1360","Lumpenus lampretaeformis",0,0
"1361","Melanogrammus aeglefinus",0,16.71348315
"1362","Merluccius albidus",0,0
"1363","Merluccius bilinearis",0,14.74719101
"1364","Myoxocephalus octodecemspinosus",0,0
"1365","Notoscopelus elongatus",0,0
"1366","Phycis chesteri",0,0
"1367","Pollachius virens",0,0
"1368","Pseudopleuronectes americanus",0,0
"1369","Scomber scombrus",0,0
"1370","Sebastes g.",10864,19.66292135
"1371","Squalus acanthias",5507,20.64606742
"1372","Tautogolabrus adspersus",0,0
"1373","Triglops murrayi",0,0
"1374","Urophycis chuss",0,0
"1375","Urophycis tenuis",0,15.73033708
"1376","Zoarces americanus",0,0
"1377","Alosa pseudoharengus",0,0
"1378","Amblyraja radiata",0,0
"1379","Argentina silus",0,0
"1380","Benthosema glaciale",0,0
"1381","Centroscyllium fabricii",0,0
"1382","Citharichthys arctifrons",0,0
"1383","Clupea harengus",0,3.034682081
"1384","Enchelyopus cimbrius",0,0
"1385","Glyptocephalus cynoglossus",0,0
"1386","Helicolenus dactylopterus",9543,35.40462428
"1387","Hippoglossoides platessoides",0,0
"1388","Hippoglossus hippoglossus",0,0
"1389","Leptoclinus maculatus",0,0
"1390","Leucoraja erinacea",0,0
"1391","Lophius americanus",0,0
"1392","Lumpenus lampretaeformis",0,0
"1393","Melanogrammus aeglefinus",0,18.20809249
"1394","Merluccius albidus",0,0
"1395","Merluccius bilinearis",7878,431.9364162
"1396","Myoxocephalus octodecemspinosus",0,0
"1397","Notoscopelus elongatus",0,0
"1398","Phycis chesteri",0,0
"1399","Pollachius virens",0,17.19653179
"1400","Pseudopleuronectes americanus",0,0
"1401","Scomber scombrus",0,0
"1402","Sebastes g.",0,1.011560694
"1403","Squalus acanthias",251,10.11560694
"1404","Tautogolabrus adspersus",0,0
"1405","Triglops murrayi",0,0
"1406","Urophycis chuss",0,2.023121387
"1407","Urophycis tenuis",0,4.046242775
"1408","Zoarces americanus",0,0
"1409","Alosa pseudoharengus",0,0
"1410","Amblyraja radiata",0,0
"1411","Argentina silus",0,2.982954545
"1412","Benthosema glaciale",0,0
"1413","Centroscyllium fabricii",0,0
"1414","Citharichthys arctifrons",0,0
"1415","Clupea harengus",20,0
"1416","Enchelyopus cimbrius",0,0
"1417","Glyptocephalus cynoglossus",0,0.994318182
"1418","Helicolenus dactylopterus",0,167.0454545
"1419","Hippoglossoides platessoides",0,0
"1420","Hippoglossus hippoglossus",0,0
"1421","Leptoclinus maculatus",0,0
"1422","Leucoraja erinacea",0,0
"1423","Lophius americanus",0,0
"1424","Lumpenus lampretaeformis",0,0
"1425","Melanogrammus aeglefinus",0,1.988636364
"1426","Merluccius albidus",0,0
"1427","Merluccius bilinearis",0,24.85795455
"1428","Myoxocephalus octodecemspinosus",0,0
"1429","Notoscopelus elongatus",0,0
"1430","Phycis chesteri",0,0
"1431","Pollachius virens",0,9.943181818
"1432","Pseudopleuronectes americanus",0,0
"1433","Scomber scombrus",0,0
"1434","Sebastes g.",0,0.994318182
"1435","Squalus acanthias",3943,1.988636364
"1436","Tautogolabrus adspersus",0,0
"1437","Triglops murrayi",0,0
"1438","Urophycis chuss",14,2.982954545
"1439","Urophycis tenuis",0,0
"1440","Zoarces americanus",0,0
"1441","Alosa pseudoharengus",0,0
"1442","Amblyraja radiata",0,1.005747126
"1443","Argentina silus",0,1.005747126
"1444","Benthosema glaciale",74645,0
"1445","Centroscyllium fabricii",0,0
"1446","Citharichthys arctifrons",0,0
"1447","Clupea harengus",0,0
"1448","Enchelyopus cimbrius",0,0
"1449","Glyptocephalus cynoglossus",0,0
"1450","Helicolenus dactylopterus",0,18.10344828
"1451","Hippoglossoides platessoides",0,0
"1452","Hippoglossus hippoglossus",0,0
"1453","Leptoclinus maculatus",0,0
"1454","Leucoraja erinacea",0,0
"1455","Lophius americanus",0,0
"1456","Lumpenus lampretaeformis",0,0
"1457","Melanogrammus aeglefinus",0,13.07471264
"1458","Merluccius albidus",0,0
"1459","Merluccius bilinearis",0,2.011494253
"1460","Myoxocephalus octodecemspinosus",0,0
"1461","Notoscopelus elongatus",0,0
"1462","Phycis chesteri",0,0
"1463","Pollachius virens",3059,31.17816092
"1464","Pseudopleuronectes americanus",0,0
"1465","Scomber scombrus",0,0
"1466","Sebastes g.",0,37.21264368
"1467","Squalus acanthias",534,45.25862069
"1468","Tautogolabrus adspersus",0,0
"1469","Triglops murrayi",0,0
"1470","Urophycis chuss",0,0
"1471","Urophycis tenuis",0,5.028735632
"1472","Zoarces americanus",0,0
"1473","Alosa pseudoharengus",0,0
"1474","Amblyraja radiata",0,0
"1475","Argentina silus",0,0
"1476","Benthosema glaciale",10282,0
"1477","Centroscyllium fabricii",0,0
"1478","Citharichthys arctifrons",0,1
"1479","Clupea harengus",0,30
"1480","Enchelyopus cimbrius",0,0
"1481","Glyptocephalus cynoglossus",0,0
"1482","Helicolenus dactylopterus",0,0
"1483","Hippoglossoides platessoides",0,0
"1484","Hippoglossus hippoglossus",0,0
"1485","Leptoclinus maculatus",0,0
"1486","Leucoraja erinacea",0,0
"1487","Lophius americanus",0,0
"1488","Lumpenus lampretaeformis",0,0
"1489","Melanogrammus aeglefinus",0,393
"1490","Merluccius albidus",0,0
"1491","Merluccius bilinearis",0,522
"1492","Myoxocephalus octodecemspinosus",0,0
"1493","Notoscopelus elongatus",0,0
"1494","Phycis chesteri",0,0
"1495","Pollachius virens",0,1
"1496","Pseudopleuronectes americanus",0,0
"1497","Scomber scombrus",0,0
"1498","Sebastes g.",0,0
"1499","Squalus acanthias",227,0
"1500","Tautogolabrus adspersus",0,0
"1501","Triglops murrayi",0,0
"1502","Urophycis chuss",0,43
"1503","Urophycis tenuis",0,1
"1504","Zoarces americanus",0,0
"1505","Alosa pseudoharengus",0,0
"1506","Amblyraja radiata",0,0
"1507","Argentina silus",0,0
"1508","Benthosema glaciale",0,0
"1509","Centroscyllium fabricii",0,0
"1510","Citharichthys arctifrons",0,0
"1511","Clupea harengus",0,0.951086957
"1512","Enchelyopus cimbrius",0,0
"1513","Glyptocephalus cynoglossus",0,0
"1514","Helicolenus dactylopterus",0,0
"1515","Hippoglossoides platessoides",0,0
"1516","Hippoglossus hippoglossus",0,0
"1517","Leptoclinus maculatus",0,0
"1518","Leucoraja erinacea",47861,0
"1519","Lophius americanus",12809,0.951086957
"1520","Lumpenus lampretaeformis",0,0
"1521","Melanogrammus aeglefinus",118710,1385.733696
"1522","Merluccius albidus",0,0
"1523","Merluccius bilinearis",23850,6.657608696
"1524","Myoxocephalus octodecemspinosus",19091,0.951086957
"1525","Notoscopelus elongatus",0,0
"1526","Phycis chesteri",0,0
"1527","Pollachius virens",0,0.951086957
"1528","Pseudopleuronectes americanus",0,0.951086957
"1529","Scomber scombrus",10272,0
"1530","Sebastes g.",0,0
"1531","Squalus acanthias",0,4.755434783
"1532","Tautogolabrus adspersus",48239,0
"1533","Triglops murrayi",0,0
"1534","Urophycis chuss",0,0
"1535","Urophycis tenuis",0,0
"1536","Zoarces americanus",44888,3.804347826
"1537","Alosa pseudoharengus",0,0
"1538","Amblyraja radiata",0,0
"1539","Argentina silus",0,0
"1540","Benthosema glaciale",0,0
"1541","Centroscyllium fabricii",0,0
"1542","Citharichthys arctifrons",0,0
"1543","Clupea harengus",1249,0
"1544","Enchelyopus cimbrius",0,0
"1545","Glyptocephalus cynoglossus",0,0
"1546","Helicolenus dactylopterus",0,0
"1547","Hippoglossoides platessoides",0,0
"1548","Hippoglossus hippoglossus",0,1.912568306
"1549","Leptoclinus maculatus",0,0
"1550","Leucoraja erinacea",13627,0
"1551","Lophius americanus",0,0
"1552","Lumpenus lampretaeformis",0,0
"1553","Melanogrammus aeglefinus",0,805.1912568
"1554","Merluccius albidus",0,0
"1555","Merluccius bilinearis",11725,3.825136612
"1556","Myoxocephalus octodecemspinosus",0,2.868852459
"1557","Notoscopelus elongatus",0,0
"1558","Phycis chesteri",0,0
"1559","Pollachius virens",0,3.825136612
"1560","Pseudopleuronectes americanus",0,6.693989071
"1561","Scomber scombrus",0,0
"1562","Sebastes g.",0,0
"1563","Squalus acanthias",0,6.693989071
"1564","Tautogolabrus adspersus",0,22.95081967
"1565","Triglops murrayi",0,0
"1566","Urophycis chuss",3775,0
"1567","Urophycis tenuis",0,0
"1568","Zoarces americanus",5504,0
"1569","Alosa pseudoharengus",0,0
"1570","Amblyraja radiata",0,0
"1571","Argentina silus",0,0
"1572","Benthosema glaciale",0,0
"1573","Centroscyllium fabricii",0,0
"1574","Citharichthys arctifrons",0,0
"1575","Clupea harengus",0,0
"1576","Enchelyopus cimbrius",0,0
"1577","Glyptocephalus cynoglossus",0,0
"1578","Helicolenus dactylopterus",0,0
"1579","Hippoglossoides platessoides",0,0
"1580","Hippoglossus hippoglossus",0,0
"1581","Leptoclinus maculatus",0,0
"1582","Leucoraja erinacea",14603,12.78089888
"1583","Lophius americanus",6079,0.983146067
"1584","Lumpenus lampretaeformis",0,0
"1585","Melanogrammus aeglefinus",7311,576.1235955
"1586","Merluccius albidus",0,0
"1587","Merluccius bilinearis",1752,21.62921348
"1588","Myoxocephalus octodecemspinosus",5541,149.4382022
"1589","Notoscopelus elongatus",0,0
"1590","Phycis chesteri",0,0
"1591","Pollachius virens",0,0
"1592","Pseudopleuronectes americanus",0,20.64606742
"1593","Scomber scombrus",0,0
"1594","Sebastes g.",0,0
"1595","Squalus acanthias",11098,233.988764
"1596","Tautogolabrus adspersus",0,0.983146067
"1597","Triglops murrayi",0,5.898876404
"1598","Urophycis chuss",0,0
"1599","Urophycis tenuis",2278,0.983146067
"1600","Zoarces americanus",0,1.966292135
"1601","Alosa pseudoharengus",0,0
"1602","Amblyraja radiata",0,0
"1603","Argentina silus",0,0
"1604","Benthosema glaciale",0,0
"1605","Centroscyllium fabricii",0,0
"1606","Citharichthys arctifrons",0,0
"1607","Clupea harengus",0,0
"1608","Enchelyopus cimbrius",0,0
"1609","Glyptocephalus cynoglossus",0,0
"1610","Helicolenus dactylopterus",0,0
"1611","Hippoglossoides platessoides",0,0
"1612","Hippoglossus hippoglossus",0,0
"1613","Leptoclinus maculatus",0,0
"1614","Leucoraja erinacea",18478,28
"1615","Lophius americanus",0,1
"1616","Lumpenus lampretaeformis",0,0
"1617","Melanogrammus aeglefinus",0,9
"1618","Merluccius albidus",0,0
"1619","Merluccius bilinearis",16939,80
"1620","Myoxocephalus octodecemspinosus",0,3
"1621","Notoscopelus elongatus",0,0
"1622","Phycis chesteri",0,0
"1623","Pollachius virens",0,0
"1624","Pseudopleuronectes americanus",3043,1
"1625","Scomber scombrus",0,0
"1626","Sebastes g.",0,0
"1627","Squalus acanthias",0,1
"1628","Tautogolabrus adspersus",0,0
"1629","Triglops murrayi",0,0
"1630","Urophycis chuss",8874,4
"1631","Urophycis tenuis",2837,0
"1632","Zoarces americanus",0,0
"1633","Alosa pseudoharengus",0,0
"1634","Amblyraja radiata",0,0
"1635","Argentina silus",0,0
"1636","Benthosema glaciale",0,0
"1637","Centroscyllium fabricii",0,0
"1638","Citharichthys arctifrons",0,0
"1639","Clupea harengus",0,0
"1640","Enchelyopus cimbrius",0,0
"1641","Glyptocephalus cynoglossus",0,0
"1642","Helicolenus dactylopterus",0,0
"1643","Hippoglossoides platessoides",0,0
"1644","Hippoglossus hippoglossus",0,0
"1645","Leptoclinus maculatus",0,0
"1646","Leucoraja erinacea",1028,3.017241379
"1647","Lophius americanus",0,0
"1648","Lumpenus lampretaeformis",0,0
"1649","Melanogrammus aeglefinus",0,8.045977011
"1650","Merluccius albidus",0,0
"1651","Merluccius bilinearis",53147,26.14942529
"1652","Myoxocephalus octodecemspinosus",0,0
"1653","Notoscopelus elongatus",0,0
"1654","Phycis chesteri",0,0
"1655","Pollachius virens",0,0
"1656","Pseudopleuronectes americanus",0,0
"1657","Scomber scombrus",0,0
"1658","Sebastes g.",0,0
"1659","Squalus acanthias",1673,0
"1660","Tautogolabrus adspersus",0,0
"1661","Triglops murrayi",0,0
"1662","Urophycis chuss",62279,5.028735632
"1663","Urophycis tenuis",0,0
"1664","Zoarces americanus",0,0
"1665","Alosa pseudoharengus",0,0
"1666","Amblyraja radiata",0,0
"1667","Argentina silus",0,0
"1668","Benthosema glaciale",0,0
"1669","Centroscyllium fabricii",0,0
"1670","Citharichthys arctifrons",0,0.994318182
"1671","Clupea harengus",0,0
"1672","Enchelyopus cimbrius",0,0
"1673","Glyptocephalus cynoglossus",0,0
"1674","Helicolenus dactylopterus",0,0
"1675","Hippoglossoides platessoides",0,0
"1676","Hippoglossus hippoglossus",0,0
"1677","Leptoclinus maculatus",0,0
"1678","Leucoraja erinacea",17790,0
"1679","Lophius americanus",0,0
"1680","Lumpenus lampretaeformis",0,0
"1681","Melanogrammus aeglefinus",0,265.4829545
"1682","Merluccius albidus",0,0
"1683","Merluccius bilinearis",0,0
"1684","Myoxocephalus octodecemspinosus",0,0
"1685","Notoscopelus elongatus",0,0
"1686","Phycis chesteri",0,0
"1687","Pollachius virens",0,0
"1688","Pseudopleuronectes americanus",0,0
"1689","Scomber scombrus",0,0
"1690","Sebastes g.",0,0
"1691","Squalus acanthias",0,67.61363636
"1692","Tautogolabrus adspersus",0,0
"1693","Triglops murrayi",0,0
"1694","Urophycis chuss",0,0
"1695","Urophycis tenuis",0,0
"1696","Zoarces americanus",0,0
"1697","Alosa pseudoharengus",0,0
"1698","Amblyraja radiata",0,0
"1699","Argentina silus",0,0
"1700","Benthosema glaciale",0,0
"1701","Centroscyllium fabricii",0,0
"1702","Citharichthys arctifrons",0,0
"1703","Clupea harengus",0,0
"1704","Enchelyopus cimbrius",0,0
"1705","Glyptocephalus cynoglossus",0,0
"1706","Helicolenus dactylopterus",0,0
"1707","Hippoglossoides platessoides",0,0
"1708","Hippoglossus hippoglossus",0,0
"1709","Leptoclinus maculatus",0,0
"1710","Leucoraja erinacea",0,0.983146067
"1711","Lophius americanus",17952,0.983146067
"1712","Lumpenus lampretaeformis",0,0
"1713","Melanogrammus aeglefinus",2753,1405.898876
"1714","Merluccius albidus",0,0
"1715","Merluccius bilinearis",0,0
"1716","Myoxocephalus octodecemspinosus",5357,0
"1717","Notoscopelus elongatus",0,0
"1718","Phycis chesteri",0,0
"1719","Pollachius virens",0,0
"1720","Pseudopleuronectes americanus",0,0
"1721","Scomber scombrus",0,0
"1722","Sebastes g.",0,0
"1723","Squalus acanthias",0,373.5955056
"1724","Tautogolabrus adspersus",0,0
"1725","Triglops murrayi",2321,0
"1726","Urophycis chuss",0,0
"1727","Urophycis tenuis",0,1.966292135
"1728","Zoarces americanus",0,0
