"","Actiniaria","Actiniidae","Actinostola","Alosa pseudoharengus","Alosa sapidissima","Amblyraja radiata","Ammodytes dubius","Anarhichas lupus","Annelida","Anonyx","Anthozoa","Aphrodita hastata","Arctozenus risso","Argentina silus","Argis dentata","Artediellus atlanticus","Ascidia","Aspidophoroides monopterygius","Asterias forbesi","Asterias rubens","Asteroidea","Astropecten americanus","Atlantopandalus propinqvus","Axius serratus","Benthosema glaciale","Bivalvia","Bolocera","Boltenia","Brachiopoda","Brisaster fragilis","Buccinum undatum","Cancer borealis","Cancer irroratus","Centroscyllium fabricii","Ceramaster granularis","Chionoecetes opilio","Chirona hameri","Chlamys islandica","Chlorophthalmus agassizi","Citharichthys arctifrons","Clupea harengus","Clypeasteroida","Colus","Crangon septemspinosa","Crinoidea","Crossaster papposus","Ctenodiscus crispatus","Ctenophora","Cucumaria frondosa","Cyanea capillata","Decapoda","Dichelopandalus leptocerus","Dipturus laevis","Enchelyopus cimbrius","Epizoanthus","Eualus fabricii","Eualus gaimardii","Euphausiacea","Euspira heros","Flustra foliacea","Gadus morhua","Gaidropsarus ensis","Gersemia rubiformis","Glyptocephalus cynoglossus","Gorgonocephalidae","Haliclona oculata","Helicolenus dactylopterus","Hemitripterus americanus","Henricia","Hippasteria phrygiana","Hippoglossina oblonga","Hippoglossoides platessoides","Hippoglossus hippoglossus","Homarus americanus","Hormathia","Hyas","Hyas araneus","Hyas coarctatus","Hydrozoa","Illex illecebrosus","Lebbeus polaris","Leptagonus decagonus","Leptasterias","Leptasterias polaris","Leptoclinus maculatus","Leucoraja","Leucoraja erinacea","Leucoraja ocellata","Limanda ferruginea","Liparis gibbus","Lithodes maja","Loligo pealeii","Lophaster furcifer","Lophius americanus","Lumpenus lampretaeformis","Lycenchelys verrillii","Lycodes lavalaei","Lycodes vahlii","Lycodichthys dearborni","Malacoraja senta","Mallotus villosus","Maurolicus muelleri","Meganyctiphanes norvegica","Melanogrammus aeglefinus","Merluccius albidus","Merluccius bilinearis","Modiolus modiolus","Munida valida","Munidopsis curvirostra","Myctophidae","Myoxocephalus aenaeus","Myoxocephalus octodecemspinosus","Mytilidae","Mytilus edulis","Myxine glutinosa","Naticidae","Nemichthys scolopaceus","Nephtheidae","Neptunea decemcostata","Nezumia","Nezumia bairdii","Notoscopelus elongatus","Nudibranchia","Nymphon","Octopoda","Ophiacantha abyssicola","Ophiacantha bidentata","Ophiopholis aculeata","Ophiura sarsi","Ophiuroidea","Paguridae","Pagurus acadianus","Pandalus borealis","Pandalus montagui","Paraliparis calidus","Paraliparis copei","Pasiphaea multidentata","Pennatula aculeata","Pennatulacea","Pentanemus quinquarius","Peprilus triacanthus","Phycis chesteri","Placopecten magellanicus","Pollachius virens","Polychaeta","Polymastia","Polymastia andrica","Pontaster","Pontophilus norvegicus","Porania pulvillus","Poraniomorpha hispida","Porifera","Pseudarchaster parelii","Pseudopleuronectes americanus","Psilaster andromeda","Psolus phantapus","Pteraster pulvillus","Pycnogonida","Pycnogonum litorale","Reinhardtius hippoglossoides","Sclerasterias tanneri","Sclerocrangon boreas","Scomber scombrus","Scophthalmus aquosus","Scyphozoa","Sebastes","Sepiolina","Sipuncula","Solaster","Solaster endeca","Spirontocaris lilljeborgii","Spirontocaris spinus","Spisula solidissima","Squalus acanthias","Stomias boa","Stomphia coccinea","Strongylocentrotus","Strongylocentrotus droebachiensis","Suberites ficus","Symphurus","Tautogolabrus adspersus","Terebratulina","Triglops murrayi","Tunicata","Ulvaria subbifurcata","Urophycis chuss","Urophycis tenuis","Vazella pourtalesii","Zoarces americanus"
"EDNA20-478618",NA,NA,0.155,0.1475,NA,NA,NA,NA,NA,NA,NA,NA,NA,NA,NA,NA,NA,NA,NA,NA,NA,NA,NA,NA,NA,NA,NA,NA,NA,NA,NA,0.2425,NA,NA,NA,NA,NA,NA,NA,NA,0.2875,NA,NA,NA,NA,NA,NA,NA,NA,NA,NA,0.27125,NA,NA,NA,NA,NA,0.01,NA,NA,NA,NA,NA,0.43,NA,NA,NA,NA,0.0175,NA,NA,0.105,NA,NA,NA,NA,NA,NA,NA,1.88625,0.00625,NA,NA,NA,NA,NA,NA,NA,NA,NA,NA,NA,NA,0.31375,NA,NA,NA,NA,NA,NA,NA,NA,NA,9.05,NA,15.925,NA,NA,NA,NA,NA,0.14125,NA,NA,NA,NA,NA,0.005,NA,NA,NA,NA,NA,NA,0.0475,NA,NA,NA,NA,NA,NA,NA,NA,0.00375,NA,NA,NA,NA,NA,NA,NA,NA,NA,53.6,NA,NA,NA,NA,NA,NA,NA,NA,NA,NA,NA,NA,NA,NA,NA,NA,NA,NA,NA,NA,0.0225,16.1,0.00375,NA,NA,NA,NA,NA,NA,NA,NA,NA,NA,NA,NA,NA,NA,NA,NA,NA,NA,2.505,7.4125,NA,NA
"EDNA20-478631",NA,NA,NA,NA,NA,NA,NA,NA,NA,NA,NA,NA,NA,NA,NA,NA,NA,NA,NA,NA,NA,NA,NA,NA,NA,NA,NA,NA,NA,NA,NA,0.557083333333333,NA,NA,NA,NA,NA,NA,NA,0.0106944444444444,NA,NA,NA,NA,NA,NA,NA,0.00291666666666667,NA,NA,NA,NA,NA,NA,NA,NA,NA,NA,NA,NA,NA,NA,NA,NA,NA,NA,NA,NA,NA,NA,NA,NA,NA,3.44166666666667,NA,NA,NA,NA,NA,4.53833333333333,NA,NA,NA,NA,NA,NA,NA,NA,NA,NA,NA,NA,NA,NA,NA,NA,NA,NA,NA,NA,NA,NA,NA,12.7458333333333,NA,1.55944444444444,NA,NA,NA,NA,NA,NA,NA,NA,NA,NA,NA,NA,NA,NA,NA,NA,NA,NA,NA,NA,NA,NA,NA,NA,NA,NA,NA,NA,NA,NA,NA,NA,NA,NA,0.11375,NA,NA,NA,NA,NA,NA,NA,NA,NA,NA,NA,NA,NA,NA,NA,NA,NA,NA,NA,0.0894444444444445,NA,0.565833333333333,NA,NA,NA,0.0126388888888889,NA,NA,NA,NA,NA,NA,NA,NA,NA,NA,NA,NA,NA,NA,NA,NA,NA,NA,1.29305555555556,NA,NA,NA
"EDNA20-478635",NA,NA,NA,NA,NA,NA,NA,NA,NA,NA,NA,NA,NA,NA,NA,NA,NA,NA,NA,0.0216176470588235,NA,NA,NA,NA,NA,NA,NA,NA,NA,NA,NA,0.171911764705882,NA,NA,NA,NA,NA,NA,NA,NA,NA,NA,NA,NA,NA,NA,NA,0.0133823529411765,NA,NA,NA,NA,NA,NA,NA,NA,NA,NA,NA,NA,NA,NA,NA,NA,NA,NA,NA,NA,NA,NA,NA,NA,NA,0.984117647058824,NA,NA,NA,NA,NA,1.20338235294118,NA,NA,NA,NA,NA,NA,NA,NA,NA,NA,NA,NA,NA,NA,NA,NA,NA,NA,NA,NA,NA,NA,NA,17.9632352941176,NA,0.776176470588235,NA,NA,NA,NA,NA,NA,NA,NA,NA,NA,NA,NA,NA,NA,NA,NA,NA,NA,NA,NA,NA,NA,NA,NA,NA,NA,NA,NA,NA,NA,NA,NA,NA,NA,NA,NA,NA,NA,NA,NA,NA,NA,NA,NA,NA,NA,NA,NA,NA,NA,NA,NA,NA,NA,0.000102941176470588,NA,NA,NA,NA,NA,NA,NA,NA,NA,NA,NA,NA,NA,NA,NA,NA,NA,NA,NA,0.170882352941176,NA,NA,NA,NA,NA,NA,NA,NA
"EDNA20-478639",NA,NA,NA,NA,NA,NA,NA,NA,NA,NA,NA,NA,NA,NA,NA,NA,NA,NA,NA,0.0503125,NA,NA,NA,NA,NA,NA,NA,NA,NA,NA,NA,0.89796875,NA,NA,NA,NA,NA,NA,NA,0.319375,0.18046875,NA,NA,NA,NA,NA,NA,NA,NA,NA,NA,0.975625,NA,NA,NA,NA,NA,NA,NA,NA,0.01421875,NA,NA,0.39046875,NA,NA,NA,1.3890625,0.00328125,NA,NA,0.0175,9.296875,NA,NA,NA,NA,NA,NA,2.5375,NA,NA,NA,NA,NA,NA,0.844375,2.253125,1.990625,NA,NA,NA,NA,0.22859375,NA,NA,NA,NA,NA,NA,NA,NA,NA,35.21875,NA,0.643125,NA,NA,NA,NA,NA,2.3953125,NA,NA,NA,NA,NA,NA,NA,NA,NA,NA,NA,NA,NA,NA,NA,NA,NA,NA,NA,NA,NA,NA,NA,NA,NA,NA,NA,NA,NA,NA,NA,NA,NA,NA,NA,NA,NA,NA,NA,NA,NA,NA,NA,NA,NA,NA,NA,NA,NA,NA,NA,NA,NA,0.8071875,0.0065625,NA,NA,NA,NA,NA,NA,NA,NA,NA,NA,NA,NA,NA,NA,NA,NA,NA,NA,0.04921875,NA,NA,NA
"EDNA20-478655",0.00291666666666667,NA,NA,NA,NA,NA,NA,NA,NA,NA,NA,NA,NA,4.44305555555556,NA,NA,NA,NA,NA,0.00875,NA,NA,NA,NA,NA,NA,0.0233333333333333,NA,NA,NA,NA,0.135138888888889,NA,NA,NA,NA,NA,NA,NA,NA,NA,NA,NA,NA,NA,NA,NA,NA,NA,NA,NA,NA,NA,NA,0.0243055555555556,NA,NA,NA,NA,NA,NA,NA,NA,0.178888888888889,NA,NA,55.9805555555556,NA,NA,NA,NA,NA,NA,5.96944444444444,0.259583333333333,NA,NA,NA,NA,3.75083333333333,NA,NA,NA,NA,NA,NA,NA,NA,NA,NA,NA,NA,NA,NA,NA,NA,NA,NA,NA,NA,NA,NA,NA,13.4361111111111,0.810833333333333,3.86944444444444,NA,NA,NA,NA,NA,NA,NA,NA,NA,NA,NA,NA,NA,0.806944444444444,NA,NA,NA,NA,NA,NA,NA,NA,NA,NA,NA,NA,NA,NA,NA,NA,NA,NA,NA,0.0894444444444445,NA,NA,NA,1.48555555555556,NA,NA,NA,NA,NA,0.0272222222222222,NA,0.0301388888888889,NA,NA,NA,NA,NA,NA,NA,NA,0.0116666666666667,NA,NA,NA,NA,74.1027777777778,NA,NA,NA,NA,NA,NA,NA,NA,NA,NA,NA,NA,NA,NA,NA,NA,NA,NA,NA,NA,9.35277777777778,NA,NA
"EDNA20-478672",NA,NA,NA,NA,NA,NA,NA,NA,NA,NA,NA,NA,NA,NA,NA,NA,NA,NA,NA,NA,NA,NA,NA,NA,0.000972222222222222,NA,NA,NA,NA,NA,NA,0.145833333333333,NA,NA,NA,NA,NA,NA,NA,NA,0.165277777777778,NA,NA,NA,0.00194444444444444,NA,NA,0.0136111111111111,NA,NA,NA,0.0379166666666667,NA,NA,0.00486111111111111,NA,NA,0.00388888888888889,NA,NA,NA,0.0525,NA,0.00388888888888889,NA,NA,NA,NA,0.000972222222222222,NA,NA,NA,NA,NA,NA,NA,NA,NA,NA,0.162361111111111,NA,NA,NA,NA,NA,NA,NA,NA,NA,NA,NA,NA,NA,2.00375,NA,NA,NA,NA,NA,NA,NA,0.00291666666666667,NA,4.50138888888889,0.739861111111111,2.19722222222222,NA,NA,NA,NA,NA,NA,NA,NA,0.04375,NA,NA,NA,NA,NA,NA,NA,NA,NA,0.0913888888888889,NA,NA,NA,NA,NA,NA,NA,0.00194444444444444,NA,NA,NA,NA,NA,NA,NA,NA,NA,NA,NA,0.000972222222222222,NA,NA,NA,0.00194444444444444,NA,NA,NA,NA,NA,NA,NA,NA,NA,NA,NA,NA,NA,NA,NA,NA,4.78333333333333,0.00972222222222222,NA,NA,NA,NA,NA,NA,NA,NA,NA,NA,NA,NA,NA,NA,NA,NA,NA,NA,2.41111111111111,NA,NA,NA
"EDNA20-478677",NA,NA,NA,NA,NA,NA,NA,NA,NA,NA,NA,NA,NA,NA,NA,NA,NA,NA,NA,NA,NA,NA,NA,NA,NA,NA,NA,NA,NA,NA,NA,1.82205882352941,NA,NA,NA,NA,NA,NA,NA,0.0267647058823529,4.18970588235294,NA,NA,NA,NA,NA,NA,0.00617647058823529,NA,0.0514705882352941,NA,0.125588235294118,NA,NA,NA,NA,NA,NA,NA,NA,NA,NA,NA,0.0751470588235294,NA,NA,NA,NA,0.0144117647058824,NA,NA,0.184264705882353,NA,NA,NA,NA,NA,NA,NA,4.77544117647059,0.0113235294117647,NA,NA,NA,NA,NA,NA,NA,NA,NA,NA,NA,NA,0.260441176470588,NA,NA,NA,NA,NA,NA,NA,NA,0.00514705882352941,0.498235294117647,NA,27.3,NA,NA,NA,NA,NA,0.144117647058824,NA,NA,NA,NA,NA,NA,NA,NA,NA,NA,NA,NA,0.0545588235294118,NA,NA,NA,NA,NA,NA,NA,NA,NA,NA,NA,NA,0.0205882352941177,NA,NA,NA,NA,NA,6.38235294117647,NA,NA,0.00102941176470588,NA,NA,NA,NA,0.0236764705882353,NA,NA,NA,NA,NA,NA,NA,NA,NA,NA,0.627941176470588,NA,NA,2.64558823529412,NA,NA,NA,NA,NA,NA,NA,NA,NA,NA,NA,NA,NA,NA,NA,NA,NA,0.00617647058823529,NA,0.957352941176471,3.78823529411765,NA,0.0844117647058824
"EDNA20-478685",NA,NA,NA,NA,NA,NA,NA,NA,0.000972222222222222,NA,NA,NA,NA,NA,NA,NA,0.0145833333333333,NA,NA,0.0165277777777778,NA,NA,NA,NA,NA,NA,NA,NA,NA,NA,NA,0.3675,NA,NA,NA,NA,NA,NA,NA,0.0330555555555556,7.50555555555556,NA,NA,NA,NA,NA,NA,NA,NA,NA,NA,0.8925,NA,NA,NA,NA,NA,NA,NA,NA,NA,NA,NA,1.16666666666667,NA,NA,NA,NA,0.00194444444444444,NA,NA,NA,NA,NA,NA,NA,NA,NA,NA,3.98222222222222,NA,NA,NA,NA,NA,NA,NA,NA,NA,NA,NA,NA,NA,2.77569444444444,NA,NA,NA,NA,NA,NA,NA,NA,NA,1.82194444444444,NA,7.72916666666667,NA,NA,NA,NA,NA,0.119583333333333,NA,NA,0.0875,NA,NA,NA,NA,NA,NA,NA,NA,NA,NA,NA,NA,NA,NA,NA,NA,NA,NA,NA,NA,NA,NA,0.00875,NA,NA,NA,NA,NA,NA,NA,0.000972222222222222,NA,NA,NA,NA,NA,0.193472222222222,NA,NA,NA,NA,NA,NA,NA,NA,NA,NA,NA,NA,0.0252777777777778,NA,NA,NA,NA,NA,NA,NA,NA,NA,NA,NA,NA,NA,NA,NA,NA,NA,NA,NA,NA,1.225,1.37861111111111,0.0213888888888889,NA
"EDNA20-478689",NA,NA,NA,NA,NA,NA,NA,NA,NA,NA,NA,NA,NA,NA,NA,NA,NA,NA,NA,2.186,NA,NA,NA,NA,NA,NA,NA,NA,NA,NA,NA,1.09,0.265,NA,NA,NA,0.049,NA,NA,NA,24.73,NA,NA,NA,NA,NA,NA,NA,1.304,NA,NA,0.007,NA,NA,NA,NA,NA,NA,NA,NA,NA,NA,NA,NA,NA,NA,NA,0.569,0.018,NA,NA,NA,23.81,NA,NA,NA,NA,NA,NA,9.11,NA,NA,NA,0.002,NA,NA,NA,NA,NA,NA,NA,NA,0.004,NA,NA,NA,NA,NA,NA,NA,NA,NA,NA,5.975,NA,0.552,NA,NA,NA,NA,NA,0.128,NA,NA,NA,NA,NA,NA,NA,NA,NA,NA,NA,NA,NA,NA,NA,NA,NA,NA,NA,NA,NA,NA,NA,NA,NA,0.013,NA,NA,0.088,NA,NA,NA,NA,0.006,NA,NA,NA,NA,NA,NA,NA,1.265,NA,NA,NA,NA,NA,NA,NA,NA,NA,NA,NA,NA,NA,NA,NA,0.032,NA,NA,NA,NA,NA,NA,NA,NA,NA,NA,NA,NA,NA,NA,NA,NA,NA,NA,NA
"EDNA20-478706",NA,NA,NA,NA,NA,NA,NA,NA,NA,NA,NA,NA,NA,NA,NA,NA,NA,NA,NA,11.3852941176471,NA,NA,NA,NA,NA,NA,NA,NA,NA,NA,NA,1.34029411764706,NA,NA,NA,NA,NA,NA,NA,NA,NA,NA,NA,NA,NA,NA,NA,NA,1.07058823529412,NA,NA,0.0401470588235294,NA,NA,NA,NA,NA,NA,NA,NA,NA,NA,NA,NA,NA,NA,NA,NA,NA,0.108088235294118,NA,NA,6.15588235294118,NA,NA,NA,NA,NA,NA,0.633088235294118,NA,NA,NA,NA,NA,NA,NA,NA,2.87411764705882,NA,NA,NA,NA,0.473529411764706,NA,NA,NA,NA,NA,NA,NA,NA,NA,30.3264705882353,NA,1.81176470588235,NA,NA,NA,NA,NA,NA,NA,NA,NA,NA,NA,NA,NA,NA,NA,NA,NA,NA,NA,NA,NA,NA,NA,NA,NA,0.0730882352941176,NA,NA,NA,NA,NA,NA,NA,NA,NA,NA,0.0216176470588235,NA,NA,NA,NA,NA,NA,NA,NA,NA,0.211029411764706,0.432352941176471,NA,NA,NA,NA,NA,NA,NA,NA,NA,NA,NA,NA,NA,NA,NA,NA,NA,NA,NA,NA,NA,NA,NA,NA,NA,NA,NA,NA,NA,NA,NA,0.754558823529412,0.254264705882353,NA,NA
"EDNA20-478732",NA,NA,NA,NA,NA,NA,NA,NA,NA,NA,NA,NA,NA,NA,NA,NA,NA,NA,NA,NA,NA,NA,NA,NA,NA,NA,NA,NA,NA,NA,NA,0.245,0.77765625,NA,NA,NA,NA,NA,NA,NA,NA,NA,NA,0.004375,NA,NA,NA,NA,1.09265625,NA,NA,0.89578125,NA,NA,NA,NA,NA,NA,NA,NA,NA,NA,NA,NA,NA,NA,NA,NA,NA,NA,NA,NA,1.2228125,NA,NA,NA,NA,NA,NA,NA,NA,NA,NA,NA,NA,NA,NA,NA,1.264375,NA,NA,NA,NA,NA,NA,NA,NA,NA,NA,NA,0.035,NA,NA,60.090625,NA,0.25265625,NA,NA,NA,NA,NA,NA,NA,NA,NA,NA,NA,NA,NA,NA,NA,NA,NA,NA,NA,NA,NA,NA,NA,NA,NA,NA,NA,NA,NA,NA,NA,NA,NA,NA,NA,NA,0.56765625,NA,NA,NA,NA,NA,NA,NA,NA,NA,NA,NA,NA,NA,NA,NA,NA,NA,NA,NA,NA,NA,NA,NA,NA,NA,NA,NA,NA,NA,NA,NA,NA,0.00109375,NA,NA,NA,NA,NA,NA,NA,NA,NA,NA,NA,NA,NA
"EDNA20-478745",0.00212121212121212,NA,NA,NA,NA,NA,0.862272727272727,NA,NA,NA,NA,0.230151515151515,NA,NA,0.0922727272727273,NA,NA,NA,NA,2.94848484848485,NA,NA,NA,NA,NA,NA,NA,NA,NA,NA,0.270454545454546,0.133636363636364,1.11681818181818,NA,NA,5.73787878787879,NA,NA,NA,NA,0.932272727272727,0.508030303030303,NA,0.00424242424242424,NA,0.202575757575758,NA,0.0137878787878788,23.1954545454545,NA,NA,0.0254545454545455,NA,NA,NA,NA,NA,NA,NA,NA,NA,NA,NA,0.361666666666667,NA,NA,NA,NA,NA,NA,NA,0.299090909090909,NA,NA,NA,0.00106060606060606,NA,NA,NA,0.678787878787879,NA,NA,NA,NA,NA,NA,NA,NA,0.101818181818182,NA,NA,NA,NA,NA,NA,NA,NA,NA,NA,NA,NA,NA,NA,NA,NA,0.982121212121212,NA,NA,NA,NA,NA,1.13060606060606,NA,NA,NA,NA,NA,NA,NA,NA,NA,NA,NA,NA,NA,NA,NA,NA,0.00106060606060606,NA,0.199393939393939,NA,NA,0.00848484848484849,NA,NA,NA,0.00212121212121212,0.00106060606060606,NA,NA,NA,NA,NA,NA,NA,NA,NA,NA,NA,NA,2.40757575757576,NA,NA,NA,NA,NA,NA,NA,NA,NA,NA,NA,NA,0.0753030303030303,NA,NA,NA,NA,NA,NA,NA,NA,NA,NA,NA,NA,NA,NA,NA,NA,NA,0.00954545454545455,NA,NA,NA,NA,NA,NA
"EDNA20-478748",0.0035,NA,NA,NA,NA,NA,0.645166666666667,NA,NA,NA,NA,0.00116666666666667,NA,NA,0.00466666666666667,NA,NA,NA,NA,1.6135,NA,NA,NA,NA,NA,NA,NA,NA,NA,NA,0.1925,0.263666666666667,0.177333333333333,NA,NA,17.3366666666667,NA,NA,NA,NA,9.99833333333333,0.42,NA,NA,NA,NA,NA,0.00466666666666667,NA,NA,NA,0.124833333333333,NA,NA,NA,NA,NA,0.00116666666666667,NA,NA,NA,NA,NA,0.243833333333333,NA,NA,NA,NA,NA,0.0688333333333333,NA,NA,7.12833333333333,NA,NA,NA,NA,NA,NA,1.02316666666667,NA,NA,NA,NA,NA,NA,NA,NA,NA,NA,NA,NA,NA,NA,NA,NA,NA,NA,NA,NA,NA,NA,NA,NA,NA,46.305,NA,NA,NA,NA,NA,0.333666666666667,NA,NA,NA,NA,NA,NA,NA,NA,NA,NA,NA,NA,NA,NA,NA,NA,NA,NA,NA,NA,0.1015,NA,NA,NA,NA,NA,0.00466666666666667,NA,NA,NA,NA,NA,NA,NA,NA,NA,NA,NA,NA,NA,NA,NA,NA,NA,NA,NA,NA,NA,NA,NA,NA,NA,0.00583333333333333,0.0676666666666667,NA,NA,NA,0.621833333333333,NA,NA,NA,NA,NA,NA,NA,NA,NA,NA,NA,NA,NA,NA,NA,NA,0.232166666666667,NA,NA
"EDNA20-478752",0.004375,NA,NA,NA,NA,NA,6.59640625,NA,NA,NA,NA,NA,NA,NA,0.00765625,NA,NA,NA,NA,0.00546875,NA,NA,NA,NA,NA,NA,NA,NA,NA,NA,NA,2.2421875,NA,NA,NA,0.60375,NA,NA,NA,NA,54.5234375,NA,NA,NA,NA,0.35328125,NA,NA,0.4703125,NA,NA,0.0065625,NA,NA,NA,NA,NA,NA,NA,NA,0.1684375,NA,NA,NA,NA,NA,NA,NA,NA,NA,NA,0.19140625,NA,NA,NA,NA,NA,NA,NA,5.2609375,NA,NA,NA,NA,NA,NA,NA,NA,NA,NA,NA,NA,NA,NA,NA,NA,NA,NA,NA,NA,NA,NA,NA,0.24609375,NA,2.2203125,NA,NA,NA,NA,NA,NA,NA,NA,NA,NA,NA,NA,NA,NA,NA,NA,NA,NA,NA,NA,NA,NA,NA,NA,NA,NA,0.00109375,NA,NA,NA,NA,0.00109375,NA,NA,NA,NA,0.07546875,NA,NA,NA,NA,NA,NA,NA,NA,0.0721875,NA,NA,0.00109375,NA,NA,NA,NA,NA,NA,NA,NA,NA,NA,NA,NA,NA,NA,NA,NA,NA,NA,NA,NA,NA,NA,0.08203125,NA,NA,NA,NA,NA,NA,NA,NA,NA,NA,NA
"EDNA20-478847",NA,NA,NA,NA,NA,NA,NA,NA,NA,NA,NA,NA,NA,NA,NA,NA,0.0457848837209302,NA,NA,0.0356104651162791,NA,NA,NA,NA,NA,NA,NA,NA,NA,NA,NA,NA,0.0508720930232558,NA,NA,NA,NA,NA,NA,0.0274709302325581,NA,0.00101744186046512,NA,NA,NA,NA,NA,NA,NA,0.0936046511627907,NA,0.0366279069767442,4.04941860465116,NA,NA,NA,NA,NA,NA,NA,NA,NA,0.0061046511627907,0.468023255813954,NA,NA,NA,NA,0.0936046511627907,NA,1.50581395348837,NA,NA,8.87209302325581,NA,NA,NA,NA,0.0254360465116279,9.07558139534884,NA,NA,0.00305232558139535,NA,NA,1.07848837209302,0.427325581395349,NA,0.620639534883721,NA,NA,NA,NA,6.53197674418605,NA,NA,NA,NA,NA,NA,NA,NA,NA,1.10901162790698,NA,1.46511627906977,NA,NA,NA,NA,NA,0.0101744186046512,0.0478197674418605,NA,NA,NA,NA,NA,NA,NA,NA,NA,NA,NA,0.0183139534883721,NA,NA,NA,NA,NA,NA,NA,NA,NA,NA,NA,NA,NA,NA,NA,NA,NA,NA,NA,NA,NA,NA,NA,NA,NA,NA,0.473110465116279,NA,3.21511627906977,NA,NA,0.00203488372093023,NA,0.00101744186046512,NA,NA,NA,NA,NA,NA,0.0162790697674419,0.00203488372093023,NA,NA,0.00508720930232558,NA,NA,NA,NA,NA,NA,NA,NA,NA,NA,NA,NA,NA,NA,NA,1.48546511627907,NA,NA,NA
"EDNA20-478851",NA,NA,NA,NA,NA,NA,NA,NA,NA,NA,NA,NA,NA,NA,NA,NA,NA,NA,NA,NA,NA,NA,NA,NA,NA,NA,NA,NA,NA,NA,NA,NA,NA,NA,NA,NA,NA,NA,NA,NA,NA,NA,NA,NA,NA,NA,NA,NA,NA,NA,NA,NA,NA,NA,NA,NA,NA,NA,NA,NA,NA,NA,NA,NA,NA,NA,NA,NA,NA,NA,NA,NA,NA,50.9662921348315,NA,NA,0.00196629213483146,NA,NA,74.8174157303371,NA,NA,NA,NA,NA,0.755056179775281,NA,NA,NA,NA,NA,NA,NA,NA,NA,NA,NA,NA,NA,NA,NA,NA,NA,8.60449438202247,NA,0.0186797752808989,NA,NA,NA,NA,NA,NA,NA,NA,NA,NA,NA,NA,NA,NA,NA,NA,NA,NA,NA,NA,NA,NA,NA,NA,NA,NA,NA,NA,NA,NA,NA,NA,NA,NA,NA,NA,NA,NA,NA,0.0294943820224719,NA,NA,NA,NA,NA,NA,NA,NA,NA,NA,NA,NA,NA,NA,NA,NA,NA,NA,0.477808988764045,NA,NA,NA,NA,NA,NA,NA,NA,NA,NA,NA,NA,NA,NA,NA,NA,NA,NA,NA,NA,NA,NA,NA,NA
"EDNA20-478867",NA,NA,0.0182080924855491,NA,NA,NA,NA,NA,NA,NA,NA,NA,NA,NA,NA,NA,NA,NA,NA,NA,NA,NA,0.00910404624277457,NA,NA,NA,NA,NA,NA,NA,NA,0.290317919075144,NA,NA,0.0232658959537572,NA,NA,NA,NA,NA,4.55202312138728,NA,NA,NA,NA,NA,NA,NA,NA,NA,NA,NA,NA,NA,NA,NA,NA,NA,NA,NA,NA,NA,NA,NA,NA,NA,NA,NA,0.00202312138728324,NA,NA,NA,NA,3.5,NA,NA,0.00202312138728324,NA,NA,0.157803468208092,NA,NA,NA,NA,NA,NA,NA,NA,NA,NA,0.0232658959537572,NA,NA,NA,NA,NA,NA,NA,NA,0.623121387283237,NA,NA,0.00101156069364162,12.3005780346821,NA,8.72976878612717,NA,NA,NA,NA,NA,NA,NA,NA,NA,NA,NA,NA,NA,NA,NA,NA,NA,NA,0.013150289017341,NA,NA,NA,NA,NA,NA,NA,NA,NA,NA,NA,NA,NA,NA,NA,NA,NA,NA,33.9075144508671,NA,NA,NA,NA,NA,0.101156069364162,0.00101156069364162,NA,NA,NA,NA,NA,0.00101156069364162,NA,NA,NA,NA,NA,NA,NA,NA,20.635838150289,NA,NA,NA,NA,NA,NA,NA,217.323699421965,NA,NA,NA,NA,NA,NA,NA,NA,NA,NA,NA,1.47687861271676,15.1127167630058,NA,NA
"EDNA20-478887",NA,NA,NA,0.0651162790697674,0.270639534883721,NA,NA,NA,NA,NA,NA,NA,NA,NA,NA,NA,NA,NA,NA,NA,NA,NA,NA,NA,NA,NA,0.0925872093023256,NA,NA,NA,NA,4.65988372093023,NA,NA,NA,NA,NA,NA,NA,NA,0.198401162790698,NA,NA,NA,NA,NA,NA,NA,NA,NA,NA,0.257412790697674,NA,0.13125,NA,NA,NA,NA,NA,0.061046511627907,NA,NA,NA,2.38081395348837,NA,NA,NA,NA,NA,NA,NA,0.151598837209302,NA,28.4171511627907,NA,NA,0.00203488372093023,NA,NA,NA,NA,NA,NA,NA,NA,NA,NA,NA,NA,NA,NA,NA,NA,NA,NA,NA,NA,NA,NA,1.19651162790698,NA,NA,1.67063953488372,NA,NA,10.5508720930233,NA,NA,NA,NA,NA,NA,NA,NA,NA,NA,NA,NA,NA,NA,NA,NA,NA,NA,NA,NA,NA,NA,NA,NA,NA,NA,NA,0.157703488372093,NA,NA,0.0691860465116279,NA,NA,NA,NA,NA,NA,NA,NA,NA,NA,NA,NA,NA,NA,0.360174418604651,0.0457848837209302,NA,NA,NA,NA,NA,NA,0.295058139534884,NA,NA,NA,NA,NA,NA,NA,NA,NA,NA,NA,NA,NA,NA,NA,NA,NA,NA,NA,NA,NA,NA,NA,NA,NA,1.57703488372093,3.18459302325581,NA,NA
"EDNA20-478895",0.14985632183908,NA,NA,5.3948275862069,3.48994252873563,NA,NA,NA,NA,NA,NA,NA,NA,NA,NA,NA,NA,NA,NA,NA,0.00905172413793104,NA,NA,NA,NA,NA,0.0311781609195402,NA,NA,NA,NA,5.69252873563218,NA,NA,NA,NA,NA,NA,NA,NA,2.51436781609195,NA,NA,NA,NA,0.280603448275862,NA,NA,NA,0.172988505747126,NA,1.01077586206897,NA,NA,NA,0.00100574712643678,0.00100574712643678,NA,NA,0.064367816091954,6.14511494252874,NA,NA,0.985632183908046,NA,NA,NA,1.33965517241379,0.0110632183908046,NA,NA,NA,NA,8.35775862068965,NA,NA,0.0100574712643678,NA,NA,0.046264367816092,0.00301724137931035,NA,NA,NA,NA,NA,NA,NA,NA,NA,NA,NA,NA,1.03591954022989,NA,0.00603448275862069,NA,NA,NA,0.456609195402299,NA,NA,0.0160919540229885,61.5718390804598,NA,3.51438218390805,NA,NA,NA,NA,NA,NA,NA,NA,NA,NA,NA,NA,0.0533045977011494,NA,NA,NA,NA,NA,NA,NA,NA,NA,NA,NA,NA,NA,NA,0.00704022988505747,NA,NA,0.00100574712643678,NA,NA,NA,NA,NA,NA,NA,NA,NA,NA,NA,NA,NA,NA,0.582327586206897,NA,NA,NA,NA,NA,0.00100574712643678,NA,NA,NA,NA,NA,NA,NA,81.264367816092,NA,NA,NA,NA,0.032183908045977,NA,NA,NA,NA,NA,NA,NA,NA,NA,NA,NA,NA,NA,NA,0.0301724137931034,0.752298850574713,NA,NA
"EDNA20-478907",NA,NA,NA,0.278409090909091,NA,NA,NA,NA,NA,NA,NA,0.654261363636364,NA,NA,NA,NA,NA,NA,NA,1.03110795454545,NA,NA,NA,NA,NA,NA,NA,NA,NA,NA,NA,NA,0.731818181818182,NA,NA,NA,NA,NA,NA,NA,0.292329545454545,NA,NA,0.0208806818181818,NA,NA,NA,NA,NA,NA,NA,NA,NA,NA,NA,NA,NA,NA,0.115340909090909,74.9934659090909,0.137215909090909,NA,NA,NA,NA,NA,NA,18.0965909090909,NA,NA,NA,NA,NA,10.5099431818182,NA,NA,0.000994318181818182,0.0308238636363636,NA,NA,NA,NA,NA,NA,NA,5.84659090909091,8.99857954545455,NA,NA,NA,NA,NA,NA,NA,NA,NA,NA,NA,0.0556818181818182,NA,NA,NA,NA,0.1859375,NA,7.63636363636364,1.39303977272727,NA,NA,NA,0.0318181818181818,7.25852272727273,NA,NA,NA,NA,NA,NA,NA,NA,NA,NA,NA,NA,NA,NA,NA,0.144176136363636,NA,NA,NA,NA,NA,0.959517045454545,NA,NA,NA,NA,NA,NA,NA,NA,7.48721590909091,NA,NA,NA,NA,NA,NA,NA,NA,0.237642045454545,NA,20.9502840909091,NA,NA,NA,NA,NA,NA,NA,NA,NA,0.747727272727273,NA,NA,NA,NA,NA,NA,NA,NA,NA,NA,NA,NA,NA,1.61676136363636,NA,NA,0.509090909090909,NA,NA,NA,0.101420454545455,3.50994318181818,0.924715909090909,NA,NA
"EDNA20-478929",NA,NA,NA,NA,NA,NA,NA,NA,NA,NA,NA,NA,NA,NA,NA,NA,NA,NA,NA,NA,NA,NA,0.003,NA,NA,NA,NA,NA,NA,NA,NA,1.732,NA,NA,NA,NA,NA,NA,NA,NA,7.04,NA,NA,NA,NA,NA,NA,NA,NA,NA,NA,0.002,NA,0.011,NA,NA,NA,NA,NA,NA,NA,NA,NA,NA,NA,NA,1.104,NA,NA,NA,NA,NA,NA,3.5,NA,NA,NA,NA,NA,NA,NA,NA,NA,NA,NA,NA,NA,NA,NA,NA,NA,NA,NA,0.746,NA,NA,NA,NA,NA,1.59,NA,NA,0.009,8.54,NA,13.35,NA,NA,NA,0.001,NA,NA,NA,NA,NA,NA,NA,NA,NA,NA,NA,NA,0.003,NA,0.027,NA,NA,NA,NA,0.001,NA,NA,0.005,NA,NA,NA,0.608,NA,NA,NA,NA,NA,NA,34.02,NA,NA,NA,NA,NA,NA,NA,NA,NA,NA,0.015,NA,NA,NA,NA,NA,NA,NA,NA,NA,NA,1.46,NA,NA,NA,NA,NA,NA,NA,NA,NA,NA,NA,NA,NA,NA,NA,NA,NA,NA,NA,1.94,34.59,NA,NA
"EDNA20-478933",NA,NA,NA,NA,NA,NA,NA,NA,NA,NA,NA,NA,NA,NA,NA,NA,NA,NA,NA,NA,NA,NA,0.071,0.001,NA,NA,NA,NA,NA,NA,NA,0.615,NA,NA,NA,NA,NA,NA,NA,NA,5.39,NA,NA,NA,NA,NA,NA,NA,NA,NA,NA,0.011,NA,NA,NA,NA,NA,NA,NA,NA,NA,NA,NA,NA,NA,NA,NA,NA,NA,NA,NA,NA,NA,2.22,NA,NA,NA,NA,NA,NA,NA,NA,NA,NA,NA,NA,NA,NA,NA,NA,NA,NA,NA,NA,NA,NA,NA,NA,NA,0.932,NA,NA,0.017,8.66,NA,11.92,NA,NA,NA,NA,NA,NA,NA,NA,0.127,NA,NA,NA,NA,NA,NA,NA,NA,NA,0.088,NA,NA,NA,NA,NA,NA,NA,0.006,NA,NA,NA,0.037,NA,5e-04,NA,NA,NA,NA,5.81,NA,0.022,NA,NA,0.004,0.108,NA,NA,NA,NA,NA,NA,NA,NA,NA,NA,NA,NA,NA,NA,NA,3.54,NA,NA,NA,NA,NA,NA,NA,11.35,NA,NA,NA,NA,NA,NA,NA,NA,NA,NA,NA,2.14,15.3,NA,NA
"EDNA20-478941",NA,NA,NA,NA,NA,NA,NA,NA,NA,NA,NA,NA,NA,NA,NA,NA,NA,NA,NA,0.000972222222222222,NA,NA,0.0758333333333333,NA,NA,NA,NA,NA,NA,NA,NA,0.808888888888889,NA,NA,NA,NA,NA,NA,NA,NA,0.554166666666667,NA,NA,NA,NA,NA,NA,NA,NA,NA,NA,NA,NA,NA,NA,NA,NA,NA,NA,NA,NA,NA,NA,NA,NA,NA,1.18416666666667,NA,0.000972222222222222,NA,NA,NA,NA,12.8819444444444,NA,NA,NA,NA,NA,1.67222222222222,NA,NA,NA,NA,NA,NA,NA,NA,NA,NA,NA,NA,NA,4.375,NA,NA,NA,NA,NA,0.3325,NA,NA,NA,5.25972222222222,NA,2.20694444444444,NA,NA,NA,NA,NA,NA,NA,NA,NA,NA,NA,NA,NA,NA,NA,NA,NA,NA,0.0233333333333333,NA,NA,NA,NA,NA,NA,NA,NA,NA,NA,NA,0.0301388888888889,NA,NA,NA,NA,NA,NA,7.42777777777778,NA,NA,NA,NA,0.000972222222222222,0.123472222222222,NA,NA,NA,NA,NA,NA,NA,NA,NA,NA,NA,NA,NA,NA,NA,48.2027777777778,NA,NA,NA,NA,NA,NA,NA,30.9555555555556,NA,NA,NA,NA,NA,NA,NA,NA,NA,NA,NA,0.268333333333333,14.7194444444444,NA,NA
"EDNA20-478949",NA,NA,NA,NA,NA,NA,NA,NA,NA,NA,NA,NA,NA,NA,NA,NA,NA,NA,NA,NA,NA,NA,NA,NA,NA,NA,NA,NA,NA,NA,NA,0.14747191011236,NA,NA,NA,NA,NA,NA,NA,NA,1.29775280898876,NA,NA,NA,NA,NA,NA,NA,NA,NA,NA,NA,NA,NA,NA,NA,NA,NA,NA,NA,NA,NA,NA,NA,NA,NA,NA,NA,0.0176966292134831,NA,NA,NA,NA,3.3623595505618,NA,NA,NA,NA,NA,0.707865168539326,NA,NA,NA,NA,NA,NA,NA,NA,NA,NA,NA,NA,NA,3.03792134831461,NA,NA,NA,NA,NA,NA,NA,NA,NA,17.7359550561798,NA,0.816011235955056,NA,NA,NA,NA,NA,NA,NA,NA,0.300842696629213,NA,0.0176966292134831,NA,NA,NA,NA,NA,NA,NA,NA,0.166151685393258,NA,NA,NA,NA,NA,NA,NA,NA,NA,NA,1.5189606741573,NA,NA,NA,NA,NA,NA,NA,NA,NA,NA,0.00688202247191011,NA,NA,NA,NA,NA,NA,NA,NA,NA,NA,NA,NA,NA,NA,NA,NA,NA,14.0157303370787,NA,NA,NA,NA,NA,NA,NA,22.3370786516854,NA,NA,NA,NA,NA,NA,NA,NA,NA,NA,NA,NA,11.060393258427,NA,NA
"EDNA20-478954",NA,NA,NA,NA,NA,NA,NA,NA,NA,NA,NA,NA,NA,NA,NA,NA,NA,NA,NA,NA,NA,0.201300578034682,0.0252890173410405,NA,NA,NA,NA,NA,NA,NA,NA,NA,NA,NA,NA,NA,NA,NA,NA,NA,0.586705202312139,NA,NA,NA,NA,NA,NA,NA,NA,NA,NA,NA,NA,NA,NA,NA,NA,NA,NA,NA,NA,NA,NA,NA,NA,NA,6.79768786127168,NA,0.00101156069364162,NA,NA,NA,NA,1.38583815028902,NA,NA,NA,NA,NA,0.958959537572254,NA,NA,NA,NA,NA,NA,NA,NA,NA,NA,NA,NA,NA,NA,NA,NA,NA,NA,NA,NA,NA,NA,0.00202312138728324,12.2196531791908,NA,25.9364161849711,NA,NA,NA,NA,NA,NA,NA,NA,NA,NA,NA,NA,NA,NA,NA,NA,NA,NA,0.0242774566473988,NA,NA,NA,NA,0.000505780346820809,NA,NA,NA,NA,NA,NA,0.00910404624277457,NA,NA,NA,NA,NA,NA,32.0057803468208,NA,NA,NA,0.13757225433526,NA,0.154768786127168,0.00101156069364162,NA,NA,NA,NA,NA,0.000505780346820809,NA,NA,NA,0.00606936416184971,NA,NA,NA,NA,0.13757225433526,NA,NA,NA,NA,NA,NA,NA,11.8251445086705,NA,NA,NA,NA,NA,NA,NA,NA,NA,NA,NA,0.428901734104046,9.03323699421965,0.529046242774566,NA
"EDNA20-478959",NA,NA,0.322159090909091,NA,NA,NA,NA,NA,NA,NA,NA,NA,NA,0.797443181818182,NA,NA,NA,NA,NA,NA,NA,0.0884943181818182,0.0159090909090909,NA,NA,NA,NA,NA,NA,NA,NA,0.00397727272727273,NA,NA,NA,NA,NA,NA,NA,NA,NA,NA,NA,NA,NA,NA,NA,NA,NA,NA,NA,0.00298295454545455,NA,NA,NA,NA,NA,NA,NA,NA,NA,NA,NA,0.427556818181818,NA,NA,78.0440340909091,1.32443181818182,0.00497159090909091,NA,NA,NA,NA,9.13778409090909,NA,0.000994318181818182,NA,NA,NA,1.95482954545455,NA,NA,NA,NA,NA,NA,NA,NA,NA,NA,NA,NA,NA,NA,NA,NA,NA,NA,NA,NA,NA,NA,0.0119318181818182,1.29261363636364,NA,2.72443181818182,NA,NA,NA,0.000994318181818182,NA,NA,NA,NA,0.109375,NA,NA,NA,NA,NA,0.0666193181818182,NA,NA,NA,NA,NA,NA,NA,NA,NA,NA,NA,NA,NA,NA,NA,NA,NA,NA,NA,NA,NA,NA,13.1647727272727,0.000497159090909091,NA,NA,0.0258522727272727,NA,NA,NA,NA,NA,NA,NA,NA,0.00894886363636364,NA,NA,NA,NA,NA,NA,NA,NA,0.0139204545454545,NA,NA,NA,NA,NA,NA,NA,1.63863636363636,NA,NA,NA,NA,NA,NA,NA,NA,NA,NA,NA,0.725852272727273,NA,NA,NA
"EDNA20-478964",NA,0.0291666666666667,0.0663793103448276,NA,NA,6.1551724137931,NA,NA,NA,NA,NA,NA,NA,0.279597701149425,NA,NA,NA,NA,NA,0.00704022988505747,NA,NA,0.140804597701149,NA,NA,NA,0.0291666666666667,NA,NA,NA,NA,NA,NA,NA,0.113649425287356,NA,NA,NA,NA,NA,NA,NA,NA,NA,NA,NA,NA,NA,NA,NA,NA,NA,5.16954022988506,NA,NA,NA,NA,NA,NA,NA,NA,NA,NA,NA,NA,NA,11.7370689655172,NA,0.00100574712643678,0.224281609195402,NA,NA,NA,10.3189655172414,0.00301724137931035,0.00100574712643678,NA,NA,NA,NA,NA,NA,NA,NA,NA,NA,NA,NA,NA,NA,NA,NA,NA,NA,NA,NA,NA,NA,NA,3.5,NA,NA,0.00352011494252874,1.29540229885057,NA,0.221264367816092,NA,NA,NA,0.0120689655172414,NA,NA,NA,NA,NA,NA,NA,NA,NA,NA,0.116666666666667,NA,NA,NA,0.0201149425287356,NA,0.00100574712643678,NA,NA,NA,NA,NA,NA,NA,NA,NA,2.47715517241379,NA,NA,NA,NA,NA,NA,89.8433908045977,0.00100574712643678,NA,NA,NA,NA,0.315804597701149,NA,NA,NA,NA,NA,NA,NA,NA,NA,NA,NA,NA,NA,NA,NA,21.2212643678161,0.0110632183908046,NA,NA,NA,NA,NA,NA,52.0373563218391,NA,NA,NA,NA,NA,NA,NA,NA,NA,NA,NA,NA,12.2902298850575,NA,NA
"EDNA20-478969",NA,NA,NA,NA,0.844,NA,NA,NA,NA,NA,NA,NA,NA,NA,NA,NA,NA,NA,NA,NA,NA,0.009,NA,NA,NA,NA,NA,NA,NA,NA,NA,0.188,NA,NA,NA,NA,NA,NA,NA,0.028,4,NA,NA,NA,NA,NA,0.001,NA,NA,NA,NA,0.212,NA,NA,NA,NA,NA,NA,NA,NA,NA,NA,NA,NA,NA,NA,NA,NA,0.001,NA,NA,NA,NA,15.54,NA,NA,NA,NA,NA,37.72,NA,NA,NA,NA,NA,NA,NA,NA,NA,NA,NA,NA,NA,NA,NA,NA,NA,NA,NA,NA,NA,NA,NA,361.643,NA,28.3,NA,NA,NA,NA,NA,NA,NA,NA,NA,NA,NA,NA,NA,NA,NA,NA,NA,NA,NA,NA,NA,NA,NA,NA,0.058,NA,NA,NA,NA,NA,0.013,NA,NA,NA,NA,NA,0.002,2.012,NA,NA,NA,NA,NA,0.086,NA,NA,NA,NA,NA,NA,NA,NA,NA,NA,NA,NA,NA,NA,NA,NA,NA,NA,NA,NA,NA,NA,NA,NA,NA,NA,NA,NA,NA,NA,NA,NA,NA,NA,NA,10.62,1.494,NA,NA
"EDNA20-478973",NA,NA,NA,NA,NA,NA,NA,NA,NA,NA,NA,NA,NA,NA,NA,NA,NA,NA,NA,0.0589673913043478,NA,0.00951086956521739,NA,NA,NA,NA,NA,NA,NA,NA,0.0665760869565217,NA,NA,NA,NA,NA,NA,NA,NA,NA,0.116032608695652,NA,NA,NA,NA,NA,NA,NA,NA,NA,NA,NA,21.9130434782609,NA,NA,NA,NA,NA,NA,NA,4.33695652173913,NA,NA,NA,NA,NA,NA,NA,0.0332880434782609,NA,NA,NA,NA,41.258152173913,NA,NA,0.0047554347826087,NA,NA,6.48641304347826,NA,NA,NA,NA,NA,NA,NA,NA,1.4741847826087,NA,NA,NA,NA,2.60597826086956,NA,NA,NA,NA,NA,NA,NA,NA,NA,279.218206521739,NA,0.551630434782609,NA,NA,NA,NA,NA,0.243478260869565,NA,NA,NA,NA,NA,NA,NA,NA,NA,NA,NA,NA,NA,NA,NA,NA,NA,NA,NA,0.069429347826087,NA,NA,NA,NA,NA,NA,NA,NA,NA,NA,7.36711956521739,0.119836956521739,NA,NA,NA,NA,NA,NA,NA,NA,NA,1.12228260869565,NA,NA,NA,NA,NA,NA,NA,NA,NA,NA,NA,NA,NA,NA,NA,NA,NA,NA,NA,15.3505434782609,NA,NA,NA,0.132201086956522,12.25,NA,NA,NA,NA,NA,NA,NA,NA,NA,2.89130434782609
"EDNA20-478977",NA,NA,NA,NA,NA,NA,NA,NA,NA,NA,NA,NA,NA,NA,NA,NA,NA,NA,NA,0.192213114754098,NA,NA,NA,NA,NA,NA,NA,NA,NA,NA,0.0592896174863388,1.01270491803279,NA,NA,NA,NA,NA,NA,NA,NA,NA,NA,NA,NA,NA,NA,NA,NA,0.178825136612022,NA,NA,NA,1.35409836065574,NA,NA,NA,NA,NA,0.108060109289617,NA,46.2267759562842,NA,NA,NA,NA,NA,NA,1.77868852459016,0.22568306010929,NA,NA,NA,3.93032786885246,27.1010928961749,NA,NA,NA,NA,NA,3.91120218579235,NA,NA,NA,NA,NA,NA,NA,4.86748633879781,0.545081967213115,NA,NA,0.0707650273224044,NA,NA,NA,NA,NA,NA,NA,NA,NA,NA,NA,323.154234972678,NA,0.49344262295082,NA,NA,NA,NA,NA,0.420765027322404,NA,NA,NA,NA,NA,NA,NA,NA,NA,NA,NA,NA,NA,NA,NA,NA,NA,NA,NA,0.167349726775956,NA,NA,NA,NA,NA,NA,NA,NA,NA,NA,3.05628415300546,10.2322404371585,NA,NA,NA,NA,NA,NA,NA,2.97404371584699,NA,6.00546448087432,NA,NA,NA,NA,NA,NA,NA,NA,NA,NA,NA,NA,NA,NA,NA,NA,NA,NA,NA,18.4754098360656,NA,NA,NA,NA,NA,NA,10.4234972677596,NA,NA,0.150136612021858,NA,NA,NA,NA,NA
"EDNA20-478981",NA,0.0226123595505618,NA,NA,NA,NA,NA,NA,NA,NA,NA,NA,NA,NA,NA,NA,NA,NA,0.0373595505617978,0.0973314606741573,NA,NA,NA,NA,NA,NA,NA,0.140589887640449,NA,NA,0.350983146067416,0.169101123595506,0.0855337078651685,NA,NA,NA,NA,NA,NA,NA,NA,NA,NA,NA,NA,NA,NA,NA,0.760955056179775,NA,NA,NA,13.9410112359551,NA,NA,NA,NA,NA,0.0599719101123595,NA,14.2162921348315,NA,NA,NA,NA,0.227106741573034,NA,14.6292134831461,0.0304775280898876,NA,0.145505617977528,NA,NA,71.2191011235955,NA,NA,NA,NA,0.117977528089888,0.908426966292135,NA,NA,NA,NA,NA,3.12640449438202,8.51404494382023,177.143258426966,5.68258426966292,NA,NA,NA,NA,2.71348314606742,NA,NA,NA,NA,NA,NA,NA,NA,NA,199.911938202247,NA,2.91011235955056,NA,NA,NA,NA,NA,27.2331460674157,NA,16.2415730337079,NA,NA,NA,NA,NA,NA,NA,NA,NA,NA,NA,NA,0.00098314606741573,0.00294943820224719,NA,NA,NA,0.415870786516854,NA,NA,NA,NA,NA,NA,NA,NA,NA,NA,1.05,NA,NA,0.0668539325842697,NA,NA,NA,NA,NA,NA,NA,15.3960674157303,NA,NA,NA,NA,NA,NA,NA,NA,NA,NA,NA,NA,NA,NA,NA,NA,NA,NA,NA,205.792134831461,NA,NA,NA,0.32935393258427,21.8455056179775,NA,0.0540730337078652,NA,0.0648876404494382,NA,NA,NA,0.360814606741573,NA,0.656741573033708
"EDNA20-478985",NA,NA,NA,NA,NA,NA,0.035,NA,NA,NA,NA,NA,NA,NA,NA,NA,NA,NA,NA,0.049,NA,NA,NA,NA,NA,NA,NA,0.052,NA,NA,NA,0.094,NA,NA,NA,NA,NA,NA,NA,NA,NA,0.424,NA,NA,NA,NA,NA,NA,NA,NA,NA,NA,1.78,NA,NA,NA,NA,NA,NA,NA,NA,NA,NA,NA,NA,0.171,NA,NA,0.018,NA,2.41,NA,NA,94.66,NA,NA,0.003,NA,0.114,0.49,NA,NA,NA,NA,NA,11.55,15.59,121.57,3.98,NA,NA,NA,NA,2.54,NA,NA,NA,NA,NA,NA,NA,NA,NA,0.094,NA,6.76,NA,NA,NA,NA,NA,0.395,NA,0.679,NA,NA,NA,NA,NA,NA,NA,NA,NA,NA,NA,NA,NA,NA,NA,NA,NA,0.093,NA,NA,NA,NA,NA,NA,NA,NA,NA,NA,NA,NA,NA,NA,NA,NA,NA,NA,NA,NA,NA,0.95,NA,NA,NA,NA,NA,NA,NA,NA,NA,NA,NA,NA,NA,NA,NA,NA,NA,NA,NA,0.82,NA,NA,NA,NA,1.254,NA,NA,NA,NA,NA,NA,0.432,NA,NA,NA
"EDNA20-478989",NA,NA,NA,NA,NA,NA,0.0100574712643678,NA,NA,NA,NA,NA,NA,NA,NA,NA,NA,NA,NA,0.124712643678161,NA,NA,NA,NA,NA,NA,NA,NA,NA,NA,NA,0.656752873563218,NA,NA,NA,NA,NA,NA,NA,NA,NA,0.0402298850574713,NA,NA,NA,NA,NA,NA,NA,NA,NA,NA,NA,NA,NA,NA,NA,NA,NA,NA,NA,NA,NA,NA,NA,NA,NA,NA,NA,NA,0.35,NA,NA,10.6810344827586,NA,NA,NA,NA,0.00603448275862069,2.08189655172414,NA,NA,NA,NA,NA,NA,1.48850574712644,3.35919540229885,1.45833333333333,NA,NA,NA,NA,NA,NA,NA,NA,NA,NA,NA,NA,NA,NA,1.1867816091954,NA,2.27298850574713,NA,NA,NA,NA,NA,NA,NA,0.0100574712643678,NA,NA,NA,NA,NA,NA,NA,NA,NA,NA,NA,NA,NA,NA,NA,NA,NA,NA,NA,NA,NA,NA,NA,NA,NA,NA,NA,NA,4.69080459770115,NA,NA,NA,NA,NA,NA,NA,NA,0.880028735632184,NA,NA,NA,NA,NA,NA,NA,NA,NA,NA,NA,NA,NA,NA,NA,NA,NA,NA,NA,NA,NA,NA,NA,NA,NA,NA,NA,NA,NA,NA,NA,NA,NA,1.06609195402299,NA,NA,NA
"EDNA20-478993",NA,NA,NA,NA,NA,NA,NA,NA,NA,NA,NA,NA,NA,NA,NA,NA,NA,NA,NA,NA,NA,NA,NA,NA,NA,NA,NA,NA,NA,NA,NA,0.432528409090909,NA,NA,NA,NA,NA,NA,NA,0.00596590909090909,NA,NA,NA,NA,NA,NA,NA,NA,NA,NA,NA,NA,NA,NA,NA,NA,NA,NA,NA,NA,NA,NA,NA,NA,NA,NA,NA,NA,NA,NA,0.421590909090909,NA,NA,5.00142045454546,NA,NA,NA,NA,0.00497159090909091,0.135227272727273,NA,NA,NA,NA,NA,NA,NA,NA,NA,NA,NA,NA,NA,NA,NA,NA,NA,NA,NA,NA,NA,NA,NA,5.64971590909091,NA,NA,0.151136363636364,NA,NA,NA,NA,NA,NA,NA,NA,NA,NA,NA,NA,NA,NA,NA,NA,NA,NA,NA,NA,NA,NA,NA,NA,NA,NA,NA,NA,NA,NA,NA,NA,NA,NA,NA,0.00596590909090909,NA,NA,NA,NA,NA,NA,NA,NA,0.0487215909090909,NA,NA,NA,NA,NA,NA,NA,NA,NA,NA,NA,NA,NA,NA,NA,NA,NA,NA,NA,NA,NA,23.9332386363636,NA,NA,NA,NA,NA,NA,NA,NA,NA,NA,NA,NA,NA,NA,NA
"EDNA20-478997",NA,NA,NA,NA,NA,NA,0.631179775280899,NA,NA,NA,NA,NA,NA,NA,NA,NA,NA,NA,NA,0.00294943820224719,NA,NA,NA,NA,NA,NA,NA,0.0658707865168539,NA,NA,NA,0.191713483146067,0.0196629213483146,NA,NA,NA,NA,NA,NA,NA,NA,NA,NA,NA,NA,NA,NA,NA,NA,NA,NA,0.0314606741573034,2.30056179775281,NA,NA,NA,NA,NA,NA,NA,NA,NA,NA,NA,NA,NA,NA,NA,0.10814606741573,NA,NA,NA,NA,5.93820224719101,NA,NA,0.00589887640449438,NA,NA,NA,NA,NA,0.00294943820224719,NA,NA,NA,0.79438202247191,105.314606741573,1.0814606741573,NA,NA,NA,NA,4.38483146067416,NA,NA,NA,NA,NA,NA,NA,NA,NA,19.8123595505618,NA,NA,NA,NA,NA,NA,NA,NA,NA,0.0285112359550562,NA,NA,NA,NA,NA,NA,NA,NA,NA,NA,NA,NA,NA,0.00196629213483146,NA,NA,NA,NA,NA,NA,NA,NA,NA,NA,NA,NA,NA,NA,14.8455056179775,NA,0.00098314606741573,0.025561797752809,NA,NA,NA,NA,NA,0.0216292134831461,NA,NA,NA,NA,NA,NA,NA,NA,NA,NA,NA,NA,NA,NA,NA,NA,NA,NA,NA,NA,NA,238.23595505618,NA,NA,NA,0.0530898876404494,3.26404494382022,NA,NA,NA,NA,0.0373595505617978,NA,NA,0.963483146067416,NA,NA
"EDNA20-474001",NA,NA,NA,NA,NA,NA,0.117,NA,NA,NA,NA,NA,NA,NA,NA,NA,NA,0.001,NA,NA,NA,NA,NA,NA,NA,NA,NA,NA,0.005,NA,NA,0.014,NA,NA,NA,NA,NA,NA,NA,NA,NA,NA,NA,NA,NA,NA,NA,NA,NA,NA,NA,0.01,NA,NA,NA,NA,NA,NA,NA,NA,0.769,NA,NA,NA,NA,NA,0.046,NA,0.149,NA,NA,NA,NA,2.36,NA,NA,0.013,NA,NA,0.03,NA,NA,0.004,NA,NA,NA,NA,NA,NA,NA,NA,NA,NA,NA,NA,NA,NA,NA,NA,NA,NA,NA,NA,16.165,NA,NA,NA,NA,NA,0.001,NA,NA,NA,NA,NA,NA,NA,NA,0.046,NA,NA,NA,0.002,NA,NA,NA,NA,0.002,0.003,NA,NA,NA,NA,NA,NA,NA,NA,NA,NA,NA,NA,NA,0.001,35.08,NA,0.009,NA,NA,NA,0.674,NA,0.047,NA,NA,NA,NA,0.018,NA,NA,NA,NA,NA,10.88,NA,NA,NA,NA,NA,NA,NA,NA,NA,NA,22.96,NA,NA,NA,NA,NA,NA,NA,NA,NA,NA,NA,NA,NA,NA,1.222
"EDNA20-474005",NA,NA,NA,NA,NA,1.95880681818182,0.0845170454545455,NA,NA,NA,0.0646306818181818,NA,NA,0.39375,NA,NA,NA,NA,NA,NA,NA,NA,0.173011363636364,NA,NA,NA,NA,NA,NA,NA,NA,0.00198863636363636,NA,NA,0.00198863636363636,NA,NA,NA,0.204829545454545,NA,NA,0.000994318181818182,NA,NA,NA,NA,NA,0.00298295454545455,NA,NA,0.00198863636363636,2.14872159090909,NA,NA,NA,NA,NA,NA,NA,NA,1.82755681818182,NA,NA,NA,NA,NA,0.0815340909090909,NA,0.00994318181818182,0.00198863636363636,NA,NA,NA,NA,NA,NA,0.00397727272727273,NA,NA,0.807386363636364,NA,NA,0.00198863636363636,NA,NA,NA,NA,NA,NA,NA,NA,NA,NA,NA,NA,NA,NA,NA,NA,NA,NA,NA,0.0169034090909091,3.22159090909091,NA,NA,NA,0.000994318181818182,NA,NA,NA,NA,NA,NA,NA,NA,NA,NA,NA,NA,NA,NA,NA,0.000994318181818182,NA,NA,NA,0.000994318181818182,0.00397727272727273,NA,NA,NA,0.0348011363636364,NA,NA,NA,NA,NA,NA,NA,NA,NA,NA,18.1860795454545,NA,NA,NA,NA,NA,0.0875,NA,NA,NA,NA,NA,NA,0.00397727272727273,NA,NA,NA,NA,NA,1.56107954545455,NA,0.0387784090909091,0.00894886363636364,0.00994318181818182,NA,NA,NA,NA,NA,NA,NA,NA,NA,NA,NA,NA,NA,NA,NA,NA,NA,NA,NA,NA,0.0457386363636364,NA
"EDNA20-474014",NA,NA,NA,NA,NA,NA,NA,NA,NA,NA,NA,NA,NA,0.059,NA,NA,NA,NA,NA,NA,NA,NA,NA,NA,NA,NA,0.082,NA,NA,NA,NA,0.001,NA,NA,NA,NA,NA,NA,NA,NA,0.89,NA,NA,NA,NA,NA,NA,NA,NA,NA,NA,0.083,NA,NA,NA,NA,NA,NA,NA,NA,NA,NA,NA,NA,NA,NA,NA,NA,0.007,NA,NA,NA,3.36,157.65,NA,0.001,NA,NA,NA,0.93,0.001,NA,NA,NA,NA,5.89,9.18,2.04,0.706,NA,NA,NA,NA,NA,NA,NA,NA,NA,NA,NA,NA,NA,NA,26.848,NA,7.16,NA,NA,NA,NA,NA,3.552,NA,NA,NA,NA,NA,NA,NA,NA,NA,NA,NA,NA,NA,NA,NA,NA,0.004,NA,NA,0.017,NA,NA,NA,NA,NA,NA,NA,NA,NA,NA,5.752,0.798,NA,NA,NA,NA,NA,NA,NA,NA,NA,4.23,NA,0.004,NA,NA,NA,NA,0.015,NA,NA,NA,NA,NA,NA,NA,NA,NA,0.001,NA,NA,NA,NA,NA,NA,0.093,NA,0.002,NA,NA,NA,NA,NA,4.81,NA,NA,0.061
"EDNA20-474043",NA,NA,NA,NA,NA,NA,NA,0.386206896551724,NA,NA,NA,NA,NA,NA,NA,NA,NA,NA,NA,NA,NA,NA,NA,NA,NA,NA,NA,NA,NA,NA,NA,NA,NA,NA,NA,NA,NA,NA,NA,NA,44.242816091954,NA,NA,NA,NA,NA,0.00502873563218391,NA,21.7040229885057,NA,NA,NA,NA,NA,NA,NA,NA,NA,NA,NA,NA,NA,NA,NA,NA,NA,NA,NA,NA,0.224281609195402,NA,1.4683908045977,0.225287356321839,NA,NA,NA,NA,NA,NA,NA,NA,NA,NA,NA,NA,NA,NA,NA,2.56465517241379,NA,0.210201149425287,NA,NA,NA,NA,NA,NA,NA,NA,0.354022988505747,NA,NA,NA,22.2109195402299,NA,NA,NA,NA,NA,NA,NA,1.21695402298851,NA,NA,NA,NA,NA,NA,NA,NA,NA,NA,NA,NA,NA,NA,NA,NA,NA,NA,0.000502873563218391,NA,NA,0.0201149425287356,NA,NA,NA,NA,NA,NA,NA,NA,NA,NA,NA,NA,NA,NA,NA,NA,NA,NA,NA,NA,NA,NA,NA,NA,NA,NA,NA,NA,NA,NA,NA,NA,NA,NA,NA,NA,NA,NA,NA,NA,NA,NA,NA,0.00100574712643678,NA,NA,NA,NA,NA,NA,NA,NA,NA,NA,NA
"EDNA20-474079",NA,NA,NA,NA,NA,NA,1.60880681818182,NA,NA,NA,NA,NA,NA,NA,0.0646306818181818,NA,0.0169034090909091,NA,NA,NA,NA,NA,NA,NA,NA,NA,0.00497159090909091,NA,NA,NA,0.175,0.0427556818181818,NA,NA,NA,1.32045454545455,0.105397727272727,0.0795454545454546,NA,NA,1.93892045454545,0.311221590909091,NA,NA,NA,0.340056818181818,NA,0.00994318181818182,1.115625,NA,NA,0.00596590909090909,NA,NA,NA,NA,NA,NA,NA,NA,0.407670454545454,NA,NA,NA,NA,NA,NA,NA,NA,0.0805397727272727,NA,0.586647727272727,NA,NA,NA,NA,0.124289772727273,NA,NA,5.48863636363636,NA,NA,NA,0.605539772727273,NA,NA,NA,NA,0.574715909090909,NA,0.0556818181818182,NA,NA,NA,NA,NA,NA,NA,NA,NA,NA,NA,NA,0.00696022727272727,NA,NA,NA,NA,NA,NA,NA,NA,NA,NA,NA,NA,NA,NA,NA,NA,NA,NA,NA,NA,0.0536931818181818,NA,NA,0.00198863636363636,0.00497159090909091,NA,NA,NA,NA,NA,NA,NA,NA,NA,NA,NA,NA,NA,0.950568181818182,NA,NA,NA,NA,NA,NA,NA,NA,0.0407670454545455,NA,NA,NA,NA,NA,0.00198863636363636,NA,NA,NA,0.0149147727272727,NA,NA,NA,NA,NA,NA,NA,NA,NA,NA,NA,NA,NA,NA,NA,4.05681818181818,NA,NA,NA,0.000994318181818182,NA,NA,NA,NA,NA,NA,NA
"EDNA20-474086",NA,NA,0.942,NA,NA,NA,NA,NA,NA,NA,NA,NA,NA,NA,NA,NA,NA,NA,NA,NA,NA,NA,NA,NA,NA,NA,NA,NA,NA,NA,NA,NA,0.552,NA,NA,2.68,NA,NA,NA,NA,1.15,NA,NA,NA,NA,NA,0.002,NA,NA,NA,NA,NA,NA,0.15,0.003,NA,NA,NA,NA,NA,1.244,NA,NA,0.62,NA,NA,NA,NA,NA,NA,NA,NA,NA,NA,NA,NA,NA,NA,NA,0.204,NA,NA,NA,0.187,NA,NA,NA,NA,NA,NA,NA,NA,NA,NA,NA,NA,NA,0.047,NA,NA,NA,NA,NA,NA,NA,6.25,NA,NA,NA,NA,NA,NA,NA,NA,NA,NA,NA,NA,NA,NA,NA,NA,NA,NA,NA,NA,NA,NA,NA,NA,NA,NA,48.76,NA,NA,NA,NA,NA,NA,NA,NA,NA,NA,NA,NA,NA,NA,NA,NA,NA,NA,NA,NA,NA,NA,NA,NA,NA,NA,6.746,NA,NA,NA,NA,NA,NA,NA,NA,NA,NA,NA,NA,NA,NA,NA,NA,NA,NA,NA,NA,NA,NA,NA,0.016,NA,NA,1.01,NA,NA
"EDNA20-474091",NA,NA,8.08236994219653,NA,NA,NA,NA,NA,NA,NA,NA,NA,NA,NA,0.0465317919075145,NA,NA,NA,NA,NA,NA,NA,NA,NA,NA,NA,NA,NA,NA,NA,NA,NA,NA,NA,NA,2.99421965317919,NA,NA,NA,NA,2.24566473988439,NA,NA,NA,NA,NA,4.34971098265896,NA,NA,NA,NA,NA,NA,0.0687861271676301,NA,NA,NA,NA,NA,NA,0.546242774566474,NA,NA,0.414739884393064,0.129479768786127,NA,NA,NA,NA,NA,NA,2.10404624277457,NA,NA,NA,NA,NA,NA,NA,61.0274566473988,NA,NA,NA,NA,NA,NA,NA,NA,NA,NA,NA,NA,NA,NA,0.0758670520231214,NA,NA,0.0283236994219653,NA,NA,NA,NA,NA,NA,NA,0.194219653179191,NA,NA,NA,NA,NA,NA,NA,0.00303468208092486,NA,NA,NA,0.00606936416184971,NA,NA,NA,NA,NA,NA,NA,NA,NA,NA,NA,NA,NA,NA,46.8291907514451,NA,NA,NA,NA,NA,NA,NA,NA,NA,NA,NA,NA,NA,NA,NA,NA,NA,NA,NA,NA,NA,NA,NA,NA,NA,NA,0.63728323699422,NA,NA,NA,NA,NA,4.31936416184971,NA,NA,NA,NA,NA,NA,NA,NA,NA,NA,NA,NA,NA,NA,NA,NA,NA,NA,NA,NA,NA,NA,NA
"EDNA20-474099",0.00101744186046512,NA,NA,NA,NA,NA,15.2962209302326,NA,NA,0.0061046511627907,NA,NA,NA,NA,1.78662790697674,0.0122093023255814,NA,NA,NA,NA,NA,NA,NA,NA,NA,NA,NA,NA,NA,NA,0.0386627906976744,NA,NA,NA,NA,12.4941860465116,NA,NA,NA,NA,NA,0.240116279069767,NA,NA,NA,0.504651162790698,0.00305232558139535,NA,NA,NA,NA,NA,NA,NA,NA,NA,NA,NA,NA,NA,0.115988372093023,NA,0.0101744186046512,NA,0.715261627906977,NA,NA,NA,NA,NA,NA,10.2079941860465,NA,NA,NA,NA,NA,0.12718023255814,NA,NA,NA,0.0213662790697674,NA,0.153633720930233,0.0223837209302326,NA,NA,NA,1.47529069767442,NA,NA,NA,NA,NA,NA,NA,NA,NA,NA,NA,NA,NA,NA,NA,NA,NA,NA,NA,NA,NA,NA,0.225872093023256,NA,NA,NA,NA,NA,NA,0.118023255813953,NA,NA,NA,NA,NA,NA,NA,NA,NA,NA,NA,NA,NA,NA,NA,NA,NA,NA,NA,NA,NA,NA,NA,NA,NA,NA,NA,NA,NA,NA,NA,NA,NA,NA,NA,NA,0.00305232558139535,NA,NA,NA,NA,NA,NA,NA,NA,NA,NA,NA,NA,NA,NA,NA,NA,0.0386627906976744,NA,NA,NA,NA,12.0973837209302,NA,NA,NA,NA,0.17906976744186,NA,NA,NA,NA,NA,NA
"EDNA20-474103",NA,NA,NA,NA,NA,NA,0.0238636363636364,0.882954545454545,NA,NA,NA,NA,NA,NA,1.78181818181818,0.0109375,NA,0.000994318181818182,NA,NA,NA,NA,NA,NA,NA,NA,NA,0.0536931818181818,NA,NA,NA,NA,NA,NA,NA,1.41193181818182,NA,NA,NA,NA,4.32528409090909,0.0357954545454545,NA,NA,NA,0.204829545454545,NA,NA,NA,NA,NA,NA,NA,NA,NA,NA,NA,NA,NA,NA,1.40198863636364,NA,NA,NA,1.75994318181818,NA,NA,NA,NA,NA,NA,2.66477272727273,59.6590909090909,NA,NA,NA,NA,0.213778409090909,NA,0.692045454545455,0.0149147727272727,0.0725852272727273,0.00497159090909091,NA,0.171022727272727,NA,NA,NA,0.0775568181818182,NA,NA,NA,NA,NA,0.201846590909091,NA,0.576704545454545,NA,NA,NA,NA,NA,NA,NA,NA,NA,NA,NA,NA,NA,NA,0.114346590909091,NA,NA,NA,NA,NA,NA,NA,NA,NA,NA,NA,NA,NA,NA,NA,NA,NA,0.0696022727272727,NA,NA,0.214772727272727,0.258522727272727,NA,NA,NA,NA,NA,NA,NA,NA,NA,NA,NA,NA,NA,NA,NA,NA,NA,NA,NA,NA,NA,NA,0.000994318181818182,NA,NA,NA,NA,NA,NA,NA,NA,0.0507102272727273,NA,NA,NA,0.233664772727273,NA,0.00298295454545455,NA,NA,NA,NA,NA,0.795454545454546,NA,NA,NA,NA,0.00994318181818182,NA,NA,NA,NA,NA,NA
"EDNA20-474107",NA,NA,NA,NA,NA,NA,0.264488636363636,NA,NA,NA,NA,NA,NA,NA,1.20213068181818,NA,NA,NA,NA,NA,NA,NA,NA,NA,NA,NA,NA,0.0328125,NA,NA,0.107386363636364,NA,NA,NA,NA,15.8792613636364,NA,NA,NA,NA,0.491193181818182,0.183948863636364,NA,NA,NA,0.126278409090909,0.0377840909090909,NA,NA,NA,NA,NA,NA,NA,NA,NA,NA,NA,NA,NA,NA,NA,0.0178977272727273,NA,8.87926136363636,NA,NA,NA,NA,NA,NA,6.09517045454545,NA,NA,NA,NA,NA,0.0198863636363636,NA,2.165625,NA,NA,NA,NA,0.0318181818181818,NA,NA,NA,NA,NA,NA,NA,NA,NA,0.316193181818182,NA,NA,NA,NA,NA,NA,NA,NA,NA,NA,0.181960227272727,NA,NA,NA,NA,NA,NA,NA,NA,NA,NA,NA,NA,0.0735795454545455,NA,NA,NA,NA,NA,NA,NA,NA,NA,NA,NA,0.0208806818181818,NA,233.209375,2.22727272727273,NA,NA,NA,NA,NA,NA,NA,NA,NA,NA,NA,NA,NA,NA,NA,NA,NA,0.123295454545455,NA,NA,NA,NA,NA,NA,NA,NA,NA,NA,NA,NA,NA,NA,NA,0.00298295454545455,NA,2.37045454545455,NA,NA,NA,NA,NA,NA,NA,1.41193181818182,NA,NA,NA,NA,NA,NA,NA,NA,NA,NA,NA
"EDNA20-474143",NA,NA,NA,NA,NA,NA,NA,0.623563218390805,NA,NA,NA,NA,0.0100574712643678,NA,NA,0.00201149425287356,0.55316091954023,NA,NA,NA,NA,NA,NA,NA,NA,NA,NA,0.120689655172414,NA,NA,NA,NA,NA,0.248419540229885,NA,0.0905172413793103,NA,NA,NA,NA,NA,NA,NA,NA,NA,0.0311781609195402,0.00804597701149425,NA,NA,NA,NA,NA,NA,NA,NA,NA,NA,NA,NA,NA,NA,NA,0.00301724137931035,0.422413793103448,NA,NA,NA,NA,0.00100574712643678,NA,NA,NA,NA,NA,0.0201149425287356,NA,NA,NA,0.00100574712643678,0.134770114942529,NA,NA,NA,0.0191091954022989,NA,NA,NA,NA,NA,NA,0.264511494252874,NA,NA,NA,NA,NA,NA,NA,NA,NA,NA,NA,NA,NA,NA,1.06408045977012,NA,NA,0.00100574712643678,NA,NA,NA,NA,NA,0.105603448275862,NA,NA,NA,NA,NA,0.064367816091954,0.032183908045977,NA,NA,NA,NA,NA,0.0422413793103448,NA,NA,NA,NA,0.00402298850574713,NA,NA,0.00502873563218391,0.0623563218390805,NA,NA,NA,NA,0.414367816091954,NA,5.48132183908046,NA,NA,NA,NA,NA,NA,NA,0.0533045977011494,NA,NA,0.0754310344827586,NA,NA,NA,NA,0.989655172413793,NA,NA,NA,NA,0.488793103448276,953.890804597701,NA,NA,NA,NA,NA,NA,NA,NA,NA,NA,0.00301724137931035,NA,NA,NA,NA,NA,NA,NA,NA,NA,3.88218390804598,NA,NA
"EDNA20-474148",NA,NA,NA,NA,NA,1.11140350877193,NA,0.49327485380117,NA,NA,NA,NA,NA,NA,NA,NA,NA,NA,NA,NA,NA,0.208771929824561,NA,NA,NA,NA,NA,0.0204678362573099,NA,NA,NA,NA,NA,NA,0.0317251461988304,0.675438596491228,NA,NA,NA,NA,42.3172514619883,NA,0.0286549707602339,NA,NA,0.0235380116959064,0.00409356725146199,NA,NA,NA,NA,NA,NA,0.0440058479532164,NA,NA,NA,NA,NA,NA,21.106432748538,NA,0.00511695906432749,2.30263157894737,NA,NA,NA,NA,0.0347953216374269,0.0777777777777778,NA,2.02631578947368,9.42543859649123,NA,NA,NA,NA,NA,0.0010233918128655,2.54824561403509,NA,NA,NA,NA,NA,NA,NA,NA,NA,NA,1.10116959064327,NA,NA,NA,NA,NA,NA,0.542397660818713,NA,0.00511695906432749,NA,NA,NA,NA,NA,0.523976608187135,NA,NA,0.0010233918128655,NA,NA,NA,NA,NA,0.0317251461988304,NA,NA,NA,NA,NA,NA,NA,NA,NA,0.0327485380116959,NA,NA,NA,NA,NA,NA,NA,0.0286549707602339,0.192397660818713,NA,NA,NA,NA,0.120760233918129,NA,NA,NA,NA,NA,0.00204678362573099,NA,NA,NA,NA,NA,NA,0.675438596491228,0.0276315789473684,NA,NA,NA,NA,NA,NA,0.667251461988304,NA,NA,0.0184210526315789,NA,0.0378654970760234,69.9181286549708,NA,NA,NA,NA,NA,NA,NA,NA,NA,NA,NA,NA,NA,NA,NA,NA,NA,NA,NA,NA,4.14473684210526,NA,NA
"EDNA20-474160",NA,NA,0.484232954545455,NA,NA,0.0149147727272727,NA,NA,NA,NA,NA,NA,NA,NA,NA,NA,NA,NA,NA,NA,NA,NA,NA,NA,NA,NA,NA,0.0576704545454546,NA,0.175,NA,NA,NA,NA,NA,0.0875,NA,NA,NA,NA,NA,NA,NA,NA,NA,NA,1.15639204545455,NA,NA,NA,NA,NA,NA,NA,NA,NA,NA,NA,NA,NA,NA,NA,NA,3.57258522727273,NA,NA,NA,NA,NA,NA,NA,0.0556818181818182,NA,NA,NA,NA,NA,NA,NA,2.91335227272727,NA,NA,NA,NA,NA,NA,NA,NA,NA,NA,NA,NA,NA,NA,NA,NA,NA,NA,NA,NA,NA,NA,NA,NA,NA,NA,NA,NA,NA,0.0357954545454545,NA,NA,NA,NA,0.135227272727273,NA,NA,NA,NA,NA,0.0208806818181818,NA,NA,NA,NA,NA,NA,NA,NA,NA,NA,NA,NA,NA,0.00198863636363636,NA,0.0865056818181818,NA,NA,NA,NA,0.0328125,NA,NA,NA,NA,NA,NA,0.0208806818181818,NA,NA,NA,NA,NA,0.0308238636363636,NA,NA,NA,NA,4.55,NA,NA,NA,NA,0.0387784090909091,22.8991477272727,NA,NA,NA,NA,NA,NA,NA,NA,0.0129261363636364,NA,NA,NA,NA,NA,NA,NA,NA,NA,NA,NA,NA,NA,NA
"EDNA20-474175",NA,NA,NA,NA,NA,NA,NA,NA,NA,NA,NA,NA,NA,NA,NA,NA,0.0392241379310345,NA,NA,NA,NA,NA,NA,NA,NA,NA,NA,NA,NA,NA,NA,NA,NA,NA,NA,0.442528735632184,NA,NA,NA,NA,3.06752873563218,NA,NA,NA,NA,NA,0.976580459770115,NA,NA,NA,NA,NA,NA,0.0492816091954023,NA,NA,NA,NA,NA,NA,4.02298850574713,NA,0.00100574712643678,88.6063218390805,NA,NA,NA,NA,0.0140804597701149,NA,NA,9.89655172413793,4.36494252873563,NA,0.00905172413793104,NA,NA,NA,NA,12.8936781609195,NA,NA,NA,NA,NA,NA,NA,NA,NA,NA,NA,NA,NA,NA,NA,NA,NA,NA,NA,NA,NA,NA,0.0593390804597701,NA,NA,1.01580459770115,NA,NA,NA,NA,NA,NA,NA,NA,NA,NA,NA,NA,NA,NA,NA,NA,NA,NA,NA,NA,NA,NA,0.0754310344827586,NA,NA,NA,41.0354885057471,NA,NA,NA,NA,NA,NA,NA,NA,NA,NA,NA,NA,NA,NA,NA,NA,NA,NA,NA,0.0181034482758621,NA,NA,NA,NA,NA,NA,7.55316091954023,NA,NA,NA,NA,NA,8.90086206896552,NA,NA,NA,NA,NA,NA,NA,NA,NA,NA,NA,NA,NA,NA,NA,NA,NA,NA,NA,NA,1.00574712643678,NA,NA
"EDNA20-474179",0.207307692307692,NA,1.71769230769231,NA,NA,NA,NA,NA,NA,NA,NA,NA,NA,NA,NA,NA,NA,NA,NA,NA,NA,NA,NA,NA,NA,NA,NA,NA,NA,NA,NA,NA,NA,NA,NA,0.00538461538461538,NA,NA,NA,NA,25.0653846153846,NA,NA,NA,NA,NA,NA,NA,0.00538461538461538,NA,NA,NA,NA,NA,NA,NA,NA,NA,NA,NA,3.12307692307692,NA,NA,9.18076923076923,NA,NA,NA,NA,0.0201923076923077,2.08115384615385,NA,6.79807692307692,NA,NA,0.457692307692308,NA,NA,NA,NA,2.04615384615385,0.00673076923076923,NA,NA,NA,NA,NA,NA,NA,NA,NA,0.0996153846153846,NA,NA,NA,NA,NA,NA,NA,NA,NA,NA,NA,NA,4.40192307692308,NA,NA,NA,NA,NA,NA,NA,NA,NA,NA,0.135961538461538,NA,NA,NA,NA,NA,NA,NA,NA,0.00134615384615385,NA,0.00134615384615385,NA,NA,0.0457692307692308,NA,NA,NA,NA,0.0148076923076923,NA,NA,NA,NA,NA,NA,NA,NA,NA,NA,0.0390384615384615,0.0901923076923077,NA,NA,NA,NA,NA,0.247692307692308,0.0188461538461538,NA,NA,NA,NA,NA,NA,NA,NA,NA,NA,NA,NA,23.1673076923077,NA,0.00134615384615385,NA,0.00134615384615385,NA,0.00134615384615385,NA,NA,NA,NA,0.00134615384615385,NA,NA,NA,NA,NA,NA,0.500769230769231,NA,NA,NA,NA,NA
"EDNA20-474198",NA,NA,NA,NA,NA,NA,71.4803278688525,NA,NA,NA,0.00860655737704918,NA,NA,NA,NA,NA,NA,NA,NA,NA,NA,NA,NA,NA,NA,NA,NA,NA,NA,NA,0.177868852459016,NA,NA,NA,NA,1.92786885245902,NA,0.0014344262295082,NA,NA,NA,0.0100409836065574,NA,NA,NA,0.0100409836065574,0.00573770491803279,NA,1.55204918032787,NA,NA,NA,NA,NA,NA,NA,NA,NA,NA,NA,0.854918032786885,NA,NA,0.272540983606557,NA,NA,NA,NA,0.0157786885245902,NA,NA,6.75758196721312,NA,NA,NA,NA,0.10327868852459,0.15922131147541,NA,16.969262295082,NA,NA,NA,NA,NA,NA,NA,NA,2.22336065573771,NA,NA,NA,NA,NA,NA,NA,NA,NA,NA,NA,NA,NA,NA,NA,NA,NA,NA,NA,NA,NA,NA,NA,NA,NA,NA,NA,NA,NA,0.0817622950819672,NA,NA,NA,NA,NA,NA,NA,NA,0.137704918032787,0.507786885245902,NA,NA,NA,NA,NA,NA,NA,NA,NA,NA,NA,NA,NA,NA,NA,NA,NA,NA,NA,NA,NA,NA,0.133401639344262,NA,NA,NA,NA,NA,NA,NA,NA,NA,NA,NA,NA,NA,NA,NA,NA,NA,0.0344262295081967,NA,NA,NA,NA,NA,NA,NA,3.64344262295082,NA,NA,NA,NA,NA,0.0387295081967213,NA,NA,NA,NA,NA
"EDNA20-474207",NA,0.00393258426966292,NA,NA,NA,5.85955056179775,NA,NA,NA,NA,NA,NA,NA,NA,NA,NA,NA,NA,NA,2.2061797752809,NA,NA,NA,NA,NA,0.00688202247191011,NA,0.117977528089888,NA,NA,1.23286516853933,NA,NA,NA,NA,NA,NA,NA,NA,NA,NA,0.0442415730337079,NA,NA,NA,NA,NA,NA,6.07584269662921,NA,NA,NA,NA,NA,NA,NA,NA,NA,NA,NA,NA,NA,NA,1.46488764044944,NA,NA,NA,26.7120786516854,NA,NA,NA,5.19101123595506,NA,NA,NA,NA,NA,NA,NA,NA,0.00196629213483146,NA,NA,1.92205056179775,NA,NA,NA,NA,12.9578651685393,0.00196629213483146,NA,NA,NA,NA,NA,NA,NA,NA,NA,NA,NA,NA,NA,NA,NA,0.0776685393258427,NA,NA,NA,NA,NA,9.25140449438202,NA,9.05477528089888,NA,0.014747191011236,NA,NA,NA,NA,NA,NA,0.00589887640449438,NA,0.0324438202247191,NA,NA,0.00884831460674157,0.184831460674157,NA,NA,0.0412921348314607,NA,0.0265449438202247,NA,NA,NA,NA,NA,NA,NA,NA,NA,NA,0.00294943820224719,NA,NA,NA,NA,NA,NA,NA,NA,NA,0.0294943820224719,NA,NA,NA,NA,NA,NA,NA,NA,NA,NA,NA,NA,NA,NA,NA,NA,NA,NA,NA,NA,NA,NA,0.122893258426966,NA,NA,NA,NA,0.0422752808988764,NA,NA,NA,NA,NA,NA
"EDNA20-474217",NA,NA,NA,NA,NA,NA,NA,NA,NA,NA,NA,NA,NA,NA,NA,NA,NA,NA,NA,0.00120689655172414,NA,NA,NA,NA,NA,NA,NA,NA,NA,NA,NA,NA,NA,NA,NA,NA,NA,NA,NA,NA,0.305344827586207,NA,NA,NA,NA,NA,NA,NA,NA,NA,NA,NA,NA,NA,NA,NA,NA,NA,NA,NA,20.6862068965517,NA,NA,NA,NA,NA,NA,NA,0.00241379310344828,0.168965517241379,NA,NA,NA,NA,NA,NA,NA,NA,NA,0.631206896551724,NA,NA,NA,NA,NA,NA,NA,NA,NA,NA,NA,NA,NA,NA,NA,NA,NA,NA,NA,NA,NA,NA,NA,113.472413793103,NA,4.27241379310345,NA,NA,NA,NA,NA,NA,NA,NA,NA,NA,NA,NA,NA,NA,NA,NA,NA,NA,NA,NA,NA,NA,NA,NA,NA,NA,NA,NA,NA,NA,NA,NA,NA,NA,NA,NA,NA,121.389655172414,NA,NA,NA,NA,NA,0.393448275862069,NA,0.0301724137931035,NA,NA,NA,NA,NA,NA,NA,NA,NA,NA,NA,NA,NA,440.891379310345,NA,NA,NA,NA,NA,NA,NA,18.2724137931034,NA,NA,NA,NA,NA,NA,NA,NA,NA,NA,NA,NA,NA,NA,NA
"EDNA20-474237",NA,NA,NA,NA,NA,0.59,NA,NA,NA,NA,0.002,NA,NA,NA,NA,NA,0.005,0.003,NA,0.12,NA,NA,NA,NA,NA,NA,NA,NA,NA,NA,NA,0.454,0.09,NA,NA,0.018,NA,NA,NA,NA,1.384,NA,NA,NA,NA,NA,NA,NA,9.23,NA,NA,0.239,NA,NA,NA,NA,NA,NA,NA,NA,NA,NA,NA,6.83,NA,NA,NA,NA,0.001,0.157,NA,0.61,3.95,NA,NA,NA,NA,NA,NA,2.396,NA,NA,0.002,NA,NA,NA,NA,NA,NA,NA,NA,NA,NA,9.63,NA,NA,NA,NA,NA,0.562,NA,NA,NA,47.74,NA,13.94,NA,NA,NA,NA,NA,1.385,NA,NA,NA,NA,NA,NA,0.603,NA,NA,NA,NA,NA,0.122,NA,NA,0.001,0.009,NA,0.014,NA,NA,NA,NA,NA,NA,NA,NA,NA,NA,NA,35.4,NA,NA,NA,NA,NA,NA,NA,NA,0.45,NA,NA,NA,NA,NA,NA,NA,NA,NA,NA,NA,NA,NA,NA,NA,NA,0.833,NA,NA,NA,NA,NA,NA,NA,NA,NA,NA,NA,NA,NA,NA,NA,NA,NA,NA,NA,0.008
