"call","class","family","genus","gigaclass","infraclass","infrakingdom","infraorder","infraphylum","kingdom","megaclass","order","parvorder","parvphylum","phylum","section","species","subclass","subfamily","subkingdom","suborder","subphylum","subsection","subterclass","superclass","superfamily","superorder","tribe","db","CO1","m18s","m12s","m16s"
"Acartia longiremis","Hexanauplia","Acartiidae","Acartia",NA,"Neocopepoda",NA,NA,NA,"Animalia",NA,"Calanoida",NA,NA,"Arthropoda",NA,"Acartia longiremis","Copepoda",NA,NA,NA,"Crustacea",NA,NA,"Multicrustacea",NA,"Gymnoplea",NA,"worms",TRUE,FALSE,FALSE,FALSE
"Agonidae","Actinopteri","Agonidae",NA,"Actinopterygii",NA,NA,NA,"Gnathostomata","Animalia",NA,"Perciformes",NA,"Osteichthyes","Chordata",NA,NA,"Teleostei",NA,NA,NA,"Vertebrata",NA,NA,NA,NA,NA,NA,"worms",FALSE,FALSE,TRUE,FALSE
"Alosa pseudoharengus","Actinopteri","Clupeidae","Alosa","Actinopterygii",NA,NA,NA,"Gnathostomata","Animalia",NA,"Clupeiformes",NA,"Osteichthyes","Chordata",NA,"Alosa pseudoharengus","Teleostei",NA,NA,NA,"Vertebrata",NA,NA,NA,NA,NA,NA,"worms",FALSE,FALSE,FALSE,TRUE
"Amblyraja radiata","Elasmobranchii","Rajidae","Amblyraja",NA,"Batoidea",NA,NA,"Gnathostomata","Animalia",NA,"Rajiformes",NA,"Chondrichthyes","Chordata",NA,"Amblyraja radiata","Neoselachii",NA,NA,NA,"Vertebrata",NA,NA,NA,NA,NA,NA,"worms",TRUE,FALSE,FALSE,TRUE
"Ameira scotti","Hexanauplia","Ameiridae","Ameira",NA,"Neocopepoda",NA,NA,NA,"Animalia",NA,"Harpacticoida",NA,NA,"Arthropoda",NA,"Ameira scotti","Copepoda",NA,NA,NA,"Crustacea",NA,NA,"Multicrustacea",NA,"Podoplea",NA,"worms",FALSE,TRUE,FALSE,FALSE
"Ammodytes","Actinopteri","Ammodytidae","Ammodytes","Actinopterygii",NA,NA,NA,"Gnathostomata","Animalia",NA,"Perciformes",NA,"Osteichthyes","Chordata",NA,NA,"Teleostei",NA,NA,NA,"Vertebrata",NA,NA,NA,NA,NA,NA,"worms",TRUE,FALSE,FALSE,TRUE
"Ammodytes americanus","Actinopteri","Ammodytidae","Ammodytes","Actinopterygii",NA,NA,NA,"Gnathostomata","Animalia",NA,"Perciformes",NA,"Osteichthyes","Chordata",NA,"Ammodytes americanus","Teleostei",NA,NA,NA,"Vertebrata",NA,NA,NA,NA,NA,NA,"worms",FALSE,FALSE,TRUE,TRUE
"Ammodytes dubius","Actinopteri","Ammodytidae","Ammodytes","Actinopterygii",NA,NA,NA,"Gnathostomata","Animalia",NA,"Perciformes",NA,"Osteichthyes","Chordata",NA,"Ammodytes dubius","Teleostei",NA,NA,NA,"Vertebrata",NA,NA,NA,NA,NA,NA,"worms",FALSE,FALSE,TRUE,FALSE
"Ammodytes personatus","Actinopteri","Ammodytidae","Ammodytes","Actinopterygii",NA,NA,NA,"Gnathostomata","Animalia",NA,"Perciformes",NA,"Osteichthyes","Chordata",NA,"Ammodytes personatus","Teleostei",NA,NA,NA,"Vertebrata",NA,NA,NA,NA,NA,NA,"worms",FALSE,FALSE,FALSE,TRUE
"Ammodytes tobianus","Actinopteri","Ammodytidae","Ammodytes","Actinopterygii",NA,NA,NA,"Gnathostomata","Animalia",NA,"Perciformes",NA,"Osteichthyes","Chordata",NA,"Ammodytes tobianus","Teleostei",NA,NA,NA,"Vertebrata",NA,NA,NA,NA,NA,NA,"worms",FALSE,FALSE,TRUE,FALSE
"Amphiascopsis cinctus","Hexanauplia","Miraciidae","Amphiascopsis",NA,"Neocopepoda",NA,NA,NA,"Animalia",NA,"Harpacticoida",NA,NA,"Arthropoda",NA,"Amphiascopsis cinctus","Copepoda",NA,NA,NA,"Crustacea",NA,NA,"Multicrustacea",NA,"Podoplea",NA,"worms",TRUE,FALSE,FALSE,FALSE
"Amphicorina ascidicola","Polychaeta","Sabellidae","Amphicorina",NA,"Canalipalpata",NA,NA,NA,"Animalia",NA,"Sabellida",NA,NA,"Annelida",NA,"Amphicorina ascidicola","Sedentaria","Myxicolinae",NA,NA,NA,NA,NA,NA,NA,NA,"Myxicolini","worms",FALSE,TRUE,FALSE,FALSE
"Amphitrite figulus","Polychaeta","Terebellidae","Amphitrite",NA,"Canalipalpata",NA,NA,NA,"Animalia",NA,"Terebellida",NA,NA,"Annelida",NA,"Amphitrite figulus","Sedentaria","Terebellinae",NA,"Terebelliformia",NA,NA,NA,NA,NA,NA,"Terebellini","worms",TRUE,FALSE,FALSE,FALSE
"Anarhichas","Actinopteri","Anarhichadidae","Anarhichas","Actinopterygii",NA,NA,NA,"Gnathostomata","Animalia",NA,"Perciformes",NA,"Osteichthyes","Chordata",NA,NA,"Teleostei",NA,NA,NA,"Vertebrata",NA,NA,NA,NA,NA,NA,"worms",FALSE,FALSE,TRUE,FALSE
"Anatidae","Aves","Anatidae",NA,NA,NA,NA,NA,"Gnathostomata","Animalia","Tetrapoda","Anseriformes",NA,NA,"Chordata",NA,NA,NA,NA,NA,NA,"Vertebrata",NA,NA,"Reptilia",NA,NA,NA,"worms",FALSE,FALSE,TRUE,FALSE
"Anisarchus medius","Actinopteri","Stichaeidae","Anisarchus","Actinopterygii",NA,NA,NA,"Gnathostomata","Animalia",NA,"Perciformes",NA,"Osteichthyes","Chordata",NA,"Anisarchus medius","Teleostei","Lumpeninae",NA,NA,"Vertebrata",NA,NA,NA,NA,NA,NA,"worms",FALSE,FALSE,FALSE,TRUE
"Annelida",NA,NA,NA,NA,NA,NA,NA,NA,"Animalia",NA,NA,NA,NA,"Annelida",NA,NA,NA,NA,NA,NA,NA,NA,NA,NA,NA,NA,NA,"worms",FALSE,TRUE,FALSE,FALSE
"Anobothrus gracilis","Polychaeta","Ampharetidae","Anobothrus",NA,"Canalipalpata",NA,NA,NA,"Animalia",NA,"Terebellida",NA,NA,"Annelida",NA,"Anobothrus gracilis","Sedentaria","Ampharetinae",NA,"Terebelliformia",NA,NA,NA,NA,NA,NA,NA,"worms",FALSE,TRUE,FALSE,FALSE
"Aphrodita hastata","Polychaeta","Aphroditidae","Aphrodita",NA,NA,NA,NA,NA,"Animalia",NA,"Phyllodocida",NA,NA,"Annelida",NA,"Aphrodita hastata","Errantia",NA,NA,"Aphroditiformia",NA,NA,NA,NA,NA,NA,NA,"worms",TRUE,FALSE,FALSE,FALSE
"Arctica islandica","Bivalvia","Arcticidae","Arctica",NA,"Heteroconchia",NA,NA,NA,"Animalia",NA,"Venerida",NA,NA,"Mollusca",NA,"Arctica islandica","Autobranchia",NA,NA,NA,NA,NA,"Euheterodonta",NA,"Arcticoidea","Imparidentia",NA,"worms",TRUE,FALSE,FALSE,FALSE
"Arctozenus risso","Actinopteri","Paralepididae","Arctozenus","Actinopterygii",NA,NA,NA,"Gnathostomata","Animalia",NA,"Aulopiformes",NA,"Osteichthyes","Chordata",NA,"Arctozenus risso","Teleostei",NA,NA,NA,"Vertebrata",NA,NA,NA,NA,NA,NA,"worms",FALSE,FALSE,TRUE,FALSE
"Argentina silus","Actinopteri","Argentinidae","Argentina","Actinopterygii",NA,NA,NA,"Gnathostomata","Animalia",NA,"Argentiniformes",NA,"Osteichthyes","Chordata",NA,"Argentina silus","Teleostei",NA,NA,NA,"Vertebrata",NA,NA,NA,NA,NA,NA,"worms",TRUE,FALSE,TRUE,TRUE
"Aricidea","Polychaeta","Paraonidae","Aricidea",NA,"Scolecida",NA,NA,NA,"Animalia",NA,NA,NA,NA,"Annelida",NA,NA,"Sedentaria",NA,NA,NA,NA,NA,NA,NA,NA,NA,NA,"worms",FALSE,TRUE,FALSE,FALSE
"Artacama proboscidea","Polychaeta","Terebellidae","Artacama",NA,"Canalipalpata",NA,NA,NA,"Animalia",NA,"Terebellida",NA,NA,"Annelida",NA,"Artacama proboscidea","Sedentaria","Terebellinae",NA,"Terebelliformia",NA,NA,NA,NA,NA,NA,"Terebellini","worms",TRUE,FALSE,FALSE,FALSE
"Asterias rubens","Asteroidea","Asteriidae","Asterias",NA,NA,NA,NA,NA,"Animalia",NA,"Forcipulatida",NA,NA,"Echinodermata",NA,"Asterias rubens",NA,NA,NA,NA,"Asterozoa",NA,NA,NA,NA,"Forcipulatacea",NA,"worms",TRUE,FALSE,TRUE,FALSE
"Aurelia","Scyphozoa","Ulmaridae","Aurelia",NA,NA,NA,NA,NA,"Animalia",NA,"Semaeostomeae",NA,NA,"Cnidaria",NA,NA,"Discomedusae","Aureliinae",NA,NA,NA,NA,NA,NA,NA,NA,NA,"worms",TRUE,FALSE,FALSE,FALSE
"Aurelia aurita","Scyphozoa","Ulmaridae","Aurelia",NA,NA,NA,NA,NA,"Animalia",NA,"Semaeostomeae",NA,NA,"Cnidaria",NA,"Aurelia aurita","Discomedusae","Aureliinae",NA,NA,NA,NA,NA,NA,NA,NA,NA,"worms",TRUE,FALSE,FALSE,FALSE
"Aves","Aves",NA,NA,NA,NA,NA,NA,"Gnathostomata","Animalia","Tetrapoda",NA,NA,NA,"Chordata",NA,NA,NA,NA,NA,NA,"Vertebrata",NA,NA,"Reptilia",NA,NA,NA,"worms",TRUE,FALSE,FALSE,FALSE
"Balaenoptera acutorostrata","Mammalia","Balaenopteridae","Balaenoptera",NA,NA,NA,"Cetacea","Gnathostomata","Animalia","Tetrapoda","Cetartiodactyla",NA,NA,"Chordata",NA,"Balaenoptera acutorostrata","Theria",NA,NA,"Cetancodonta","Vertebrata",NA,NA,NA,"Mysticeti",NA,NA,"worms",TRUE,FALSE,TRUE,FALSE
"Balaenoptera musculus","Mammalia","Balaenopteridae","Balaenoptera",NA,NA,NA,"Cetacea","Gnathostomata","Animalia","Tetrapoda","Cetartiodactyla",NA,NA,"Chordata",NA,"Balaenoptera musculus","Theria",NA,NA,"Cetancodonta","Vertebrata",NA,NA,NA,"Mysticeti",NA,NA,"worms",TRUE,FALSE,TRUE,FALSE
"Balaenoptera physalus","Mammalia","Balaenopteridae","Balaenoptera",NA,NA,NA,"Cetacea","Gnathostomata","Animalia","Tetrapoda","Cetartiodactyla",NA,NA,"Chordata",NA,"Balaenoptera physalus","Theria",NA,NA,"Cetancodonta","Vertebrata",NA,NA,NA,"Mysticeti",NA,NA,"worms",FALSE,FALSE,TRUE,FALSE
"Balanidae","Thecostraca","Balanidae",NA,NA,"Thoracica",NA,NA,NA,"Animalia",NA,"Balanomorpha",NA,NA,"Arthropoda",NA,NA,"Cirripedia",NA,NA,NA,"Crustacea",NA,NA,"Multicrustacea","Balanoidea","Thoracicalcarea",NA,"worms",TRUE,FALSE,FALSE,FALSE
"Balanus","Thecostraca","Balanidae","Balanus",NA,"Thoracica",NA,NA,NA,"Animalia",NA,"Balanomorpha",NA,NA,"Arthropoda",NA,NA,"Cirripedia","Balaninae",NA,NA,"Crustacea",NA,NA,"Multicrustacea","Balanoidea","Thoracicalcarea",NA,"worms",TRUE,FALSE,FALSE,FALSE
"Balanus crenatus","Thecostraca","Balanidae","Balanus",NA,"Thoracica",NA,NA,NA,"Animalia",NA,"Balanomorpha",NA,NA,"Arthropoda",NA,"Balanus crenatus","Cirripedia","Balaninae",NA,NA,"Crustacea",NA,NA,"Multicrustacea","Balanoidea","Thoracicalcarea",NA,"worms",TRUE,FALSE,FALSE,FALSE
"Bathycalanus princeps","Hexanauplia","Megacalanidae","Bathycalanus",NA,"Neocopepoda",NA,NA,NA,"Animalia",NA,"Calanoida",NA,NA,"Arthropoda",NA,"Bathycalanus princeps","Copepoda",NA,NA,NA,"Crustacea",NA,NA,"Multicrustacea",NA,"Gymnoplea",NA,"worms",FALSE,TRUE,FALSE,FALSE
"Bathypolypus arcticus","Cephalopoda","Bathypolypodidae","Bathypolypus",NA,NA,NA,NA,NA,"Animalia",NA,"Octopoda",NA,NA,"Mollusca",NA,"Bathypolypus arcticus","Coleoidea",NA,NA,"Incirrata",NA,NA,NA,NA,"Octopodoidea","Octopodiformes",NA,"worms",TRUE,FALSE,FALSE,FALSE
"Benthosema glaciale","Actinopteri","Myctophidae","Benthosema","Actinopterygii",NA,NA,NA,"Gnathostomata","Animalia",NA,"Myctophiformes",NA,"Osteichthyes","Chordata",NA,"Benthosema glaciale","Teleostei",NA,NA,NA,"Vertebrata",NA,NA,NA,NA,NA,NA,"worms",TRUE,FALSE,FALSE,TRUE
"Bougainvillia muscus","Hydrozoa","Bougainvilliidae","Bougainvillia",NA,NA,NA,NA,NA,"Animalia",NA,"Anthoathecata",NA,NA,"Cnidaria",NA,"Bougainvillia muscus","Hydroidolina",NA,NA,"Filifera",NA,NA,NA,NA,NA,NA,NA,"worms",TRUE,FALSE,FALSE,FALSE
"Brada villosa","Polychaeta","Flabelligeridae","Brada",NA,"Canalipalpata",NA,NA,NA,"Animalia",NA,"Terebellida",NA,NA,"Annelida",NA,"Brada villosa","Sedentaria",NA,NA,"Cirratuliformia",NA,NA,NA,NA,NA,NA,NA,"worms",TRUE,FALSE,FALSE,FALSE
"Brisaster fragilis","Echinoidea","Schizasteridae","Brisaster",NA,"Irregularia",NA,NA,NA,"Animalia",NA,"Spatangoida",NA,NA,"Echinodermata",NA,"Brisaster fragilis","Euechinoidea",NA,NA,"Paleopneustina","Echinozoa",NA,NA,NA,NA,"Atelostomata",NA,"worms",TRUE,FALSE,FALSE,FALSE
"Brosme brosme","Actinopteri","Lotidae","Brosme","Actinopterygii",NA,NA,NA,"Gnathostomata","Animalia",NA,"Gadiformes",NA,"Osteichthyes","Chordata",NA,"Brosme brosme","Teleostei",NA,NA,NA,"Vertebrata",NA,NA,NA,NA,NA,NA,"worms",TRUE,FALSE,TRUE,TRUE
"Calanus","Hexanauplia","Calanidae","Calanus",NA,"Neocopepoda",NA,NA,NA,"Animalia",NA,"Calanoida",NA,NA,"Arthropoda",NA,NA,"Copepoda",NA,NA,NA,"Crustacea",NA,NA,"Multicrustacea",NA,"Gymnoplea",NA,"worms",TRUE,FALSE,FALSE,FALSE
"Calanus finmarchicus","Hexanauplia","Calanidae","Calanus",NA,"Neocopepoda",NA,NA,NA,"Animalia",NA,"Calanoida",NA,NA,"Arthropoda",NA,"Calanus finmarchicus","Copepoda",NA,NA,NA,"Crustacea",NA,NA,"Multicrustacea",NA,"Gymnoplea",NA,"worms",TRUE,FALSE,FALSE,FALSE
"Calanus hyperboreus","Hexanauplia","Calanidae","Calanus",NA,"Neocopepoda",NA,NA,NA,"Animalia",NA,"Calanoida",NA,NA,"Arthropoda",NA,"Calanus hyperboreus","Copepoda",NA,NA,NA,"Crustacea",NA,NA,"Multicrustacea",NA,"Gymnoplea",NA,"worms",TRUE,FALSE,FALSE,FALSE
"Cancer borealis","Malacostraca","Cancridae","Cancer",NA,NA,NA,"Brachyura",NA,"Animalia",NA,"Decapoda",NA,NA,"Arthropoda","Eubrachyura","Cancer borealis","Eumalacostraca",NA,NA,"Pleocyemata","Crustacea","Heterotremata",NA,"Multicrustacea","Cancroidea","Eucarida",NA,"worms",TRUE,FALSE,FALSE,FALSE
"Caridion gordoni","Malacostraca","Hippolytidae","Caridion",NA,NA,NA,"Caridea",NA,"Animalia",NA,"Decapoda",NA,NA,"Arthropoda",NA,"Caridion gordoni","Eumalacostraca",NA,NA,"Pleocyemata","Crustacea",NA,NA,"Multicrustacea","Alpheoidea","Eucarida",NA,"worms",TRUE,FALSE,FALSE,FALSE
"Catablema multicirratum","Hydrozoa","Pandeidae","Catablema",NA,NA,NA,NA,NA,"Animalia",NA,"Anthoathecata",NA,NA,"Cnidaria",NA,"Catablema multicirratum","Hydroidolina",NA,NA,"Filifera",NA,NA,NA,NA,NA,NA,NA,"worms",TRUE,FALSE,FALSE,FALSE
"Catablema vesicarium","Hydrozoa","Pandeidae","Catablema",NA,NA,NA,NA,NA,"Animalia",NA,"Anthoathecata",NA,NA,"Cnidaria",NA,"Catablema vesicarium","Hydroidolina",NA,NA,"Filifera",NA,NA,NA,NA,NA,NA,NA,"worms",TRUE,FALSE,FALSE,FALSE
"Centropages hamatus","Hexanauplia","Centropagidae","Centropages",NA,"Neocopepoda",NA,NA,NA,"Animalia",NA,"Calanoida",NA,NA,"Arthropoda",NA,"Centropages hamatus","Copepoda",NA,NA,NA,"Crustacea",NA,NA,"Multicrustacea",NA,"Gymnoplea",NA,"worms",TRUE,FALSE,FALSE,FALSE
"Centropages typicus","Hexanauplia","Centropagidae","Centropages",NA,"Neocopepoda",NA,NA,NA,"Animalia",NA,"Calanoida",NA,NA,"Arthropoda",NA,"Centropages typicus","Copepoda",NA,NA,NA,"Crustacea",NA,NA,"Multicrustacea",NA,"Gymnoplea",NA,"worms",TRUE,FALSE,FALSE,FALSE
"Centroscyllium fabricii","Elasmobranchii","Etmopteridae","Centroscyllium",NA,"Selachii",NA,NA,"Gnathostomata","Animalia",NA,"Squaliformes",NA,"Chondrichthyes","Chordata",NA,"Centroscyllium fabricii","Neoselachii",NA,NA,NA,"Vertebrata",NA,NA,NA,NA,"Squalomorphi",NA,"worms",TRUE,FALSE,TRUE,TRUE
"Cephalothrix filiformis","Palaeonemertea","Cephalotrichidae","Cephalothrix",NA,NA,NA,NA,NA,"Animalia",NA,"Archinemertea",NA,NA,"Nemertea",NA,"Cephalothrix filiformis",NA,NA,NA,NA,NA,NA,NA,NA,NA,NA,NA,"worms",FALSE,TRUE,FALSE,FALSE
"Ceratocephale loveni","Polychaeta","Nereididae","Ceratocephale",NA,NA,NA,NA,NA,"Animalia",NA,"Phyllodocida",NA,NA,"Annelida",NA,"Ceratocephale loveni","Errantia","Gymnonereidinae",NA,"Nereidiformia",NA,NA,NA,NA,NA,NA,NA,"worms",FALSE,TRUE,FALSE,FALSE
"Ceriantheopsis americana","Anthozoa","Cerianthidae","Ceriantheopsis",NA,NA,NA,NA,NA,"Animalia",NA,"Spirularia",NA,NA,"Cnidaria",NA,"Ceriantheopsis americana","Ceriantharia",NA,NA,NA,NA,NA,NA,NA,NA,NA,NA,"worms",FALSE,TRUE,FALSE,FALSE
"Cetorhinus maximus","Elasmobranchii","Cetorhinidae","Cetorhinus",NA,"Selachii",NA,NA,"Gnathostomata","Animalia",NA,"Lamniformes",NA,"Chondrichthyes","Chordata",NA,"Cetorhinus maximus","Neoselachii",NA,NA,NA,"Vertebrata",NA,NA,NA,NA,"Galeomorphi",NA,"worms",TRUE,FALSE,TRUE,TRUE
"Chaetognatha",NA,NA,NA,NA,NA,NA,NA,NA,"Animalia",NA,NA,NA,NA,"Chaetognatha",NA,NA,NA,NA,NA,NA,NA,NA,NA,NA,NA,NA,NA,"worms",TRUE,FALSE,FALSE,FALSE
"Chaetozone","Polychaeta","Cirratulidae","Chaetozone",NA,"Canalipalpata",NA,NA,NA,"Animalia",NA,"Terebellida",NA,NA,"Annelida",NA,NA,"Sedentaria",NA,NA,"Cirratuliformia",NA,NA,NA,NA,NA,NA,NA,"worms",TRUE,FALSE,FALSE,FALSE
"Cheliplanilla caudata",NA,"Cheliplanidae","Cheliplanilla",NA,NA,NA,"Schizorhynchia",NA,"Animalia",NA,"Rhabdocoela",NA,NA,"Platyhelminthes",NA,"Cheliplanilla caudata",NA,NA,NA,"Kalyptorhynchia","Rhabditophora",NA,NA,NA,NA,NA,NA,"worms",FALSE,TRUE,FALSE,FALSE
"Chlamys islandica","Bivalvia","Pectinidae","Chlamys",NA,"Pteriomorphia",NA,NA,NA,"Animalia",NA,"Pectinida",NA,NA,"Mollusca",NA,"Chlamys islandica","Autobranchia","Pedinae",NA,NA,NA,NA,NA,NA,"Pectinoidea",NA,"Chlamydini","worms",TRUE,FALSE,FALSE,FALSE
"Chone infundibuliformis","Polychaeta","Sabellidae","Chone",NA,"Canalipalpata",NA,NA,NA,"Animalia",NA,"Sabellida",NA,NA,"Annelida",NA,"Chone infundibuliformis","Sedentaria","Myxicolinae",NA,NA,NA,NA,NA,NA,NA,NA,"Myxicolini","worms",TRUE,FALSE,FALSE,FALSE
"Citharichthys arctifrons","Actinopteri","Paralichthyidae","Citharichthys","Actinopterygii",NA,NA,NA,"Gnathostomata","Animalia",NA,"Pleuronectiformes",NA,"Osteichthyes","Chordata",NA,"Citharichthys arctifrons","Teleostei",NA,NA,NA,"Vertebrata",NA,NA,NA,NA,NA,NA,"worms",TRUE,FALSE,TRUE,TRUE
"Clausocalanus furcatus","Hexanauplia","Clausocalanidae","Clausocalanus",NA,"Neocopepoda",NA,NA,NA,"Animalia",NA,"Calanoida",NA,NA,"Arthropoda",NA,"Clausocalanus furcatus","Copepoda",NA,NA,NA,"Crustacea",NA,NA,"Multicrustacea",NA,"Gymnoplea",NA,"worms",FALSE,TRUE,FALSE,FALSE
"Clausocalanus pergens","Hexanauplia","Clausocalanidae","Clausocalanus",NA,"Neocopepoda",NA,NA,NA,"Animalia",NA,"Calanoida",NA,NA,"Arthropoda",NA,"Clausocalanus pergens","Copepoda",NA,NA,NA,"Crustacea",NA,NA,"Multicrustacea",NA,"Gymnoplea",NA,"worms",TRUE,FALSE,FALSE,FALSE
"Cliona","Demospongiae","Clionaidae","Cliona",NA,NA,NA,NA,NA,"Animalia",NA,"Clionaida",NA,NA,"Porifera",NA,NA,"Heteroscleromorpha",NA,NA,NA,NA,NA,NA,NA,NA,NA,NA,"worms",TRUE,FALSE,FALSE,FALSE
"Clupea harengus","Actinopteri","Clupeidae","Clupea","Actinopterygii",NA,NA,NA,"Gnathostomata","Animalia",NA,"Clupeiformes",NA,"Osteichthyes","Chordata",NA,"Clupea harengus","Teleostei",NA,NA,NA,"Vertebrata",NA,NA,NA,NA,NA,NA,"worms",FALSE,FALSE,TRUE,TRUE
"Clytia","Hydrozoa","Campanulariidae","Clytia",NA,NA,NA,NA,NA,"Animalia",NA,"Leptothecata",NA,NA,"Cnidaria",NA,NA,"Hydroidolina",NA,NA,NA,NA,NA,NA,NA,NA,NA,NA,"worms",TRUE,TRUE,FALSE,FALSE
"Cnidaria",NA,NA,NA,NA,NA,NA,NA,NA,"Animalia",NA,NA,NA,NA,"Cnidaria",NA,NA,NA,NA,NA,NA,NA,NA,NA,NA,NA,NA,NA,"worms",TRUE,FALSE,FALSE,FALSE
"Creseis virgula","Gastropoda","Creseidae","Creseis",NA,"Euthyneura",NA,NA,NA,"Animalia",NA,"Pteropoda",NA,NA,"Mollusca",NA,"Creseis virgula","Heterobranchia",NA,NA,"Euthecosomata",NA,NA,"Tectipleura",NA,"Cavolinioidea",NA,NA,"worms",TRUE,FALSE,FALSE,FALSE
"Crustacea",NA,NA,NA,NA,NA,NA,NA,NA,"Animalia",NA,NA,NA,NA,"Arthropoda",NA,NA,NA,NA,NA,NA,"Crustacea",NA,NA,NA,NA,NA,NA,"worms",FALSE,TRUE,FALSE,FALSE
"Cryptacanthodes giganteus","Actinopteri","Cryptacanthodidae","Cryptacanthodes","Actinopterygii",NA,NA,NA,"Gnathostomata","Animalia",NA,"Perciformes",NA,"Osteichthyes","Chordata",NA,"Cryptacanthodes giganteus","Teleostei",NA,NA,NA,"Vertebrata",NA,NA,NA,NA,NA,NA,"worms",FALSE,FALSE,TRUE,TRUE
"Ctenodiscus crispatus","Asteroidea","Ctenodiscidae","Ctenodiscus",NA,NA,NA,NA,NA,"Animalia",NA,"Paxillosida",NA,NA,"Echinodermata",NA,"Ctenodiscus crispatus",NA,NA,NA,NA,"Asterozoa",NA,NA,NA,NA,"Valvatacea",NA,"worms",TRUE,FALSE,FALSE,FALSE
"Cucumaria frondosa","Holothuroidea","Cucumariidae","Cucumaria",NA,NA,NA,NA,NA,"Animalia",NA,"Dendrochirotida",NA,NA,"Echinodermata",NA,"Cucumaria frondosa","Actinopoda",NA,NA,NA,"Echinozoa",NA,NA,NA,NA,NA,NA,"worms",TRUE,FALSE,FALSE,FALSE
"Cyanea","Scyphozoa","Cyaneidae","Cyanea",NA,NA,NA,NA,NA,"Animalia",NA,"Semaeostomeae",NA,NA,"Cnidaria",NA,NA,"Discomedusae",NA,NA,NA,NA,NA,NA,NA,NA,NA,NA,"worms",TRUE,FALSE,FALSE,FALSE
"Cyclopina gracilis","Hexanauplia","Cyclopinidae","Cyclopina",NA,"Neocopepoda",NA,NA,NA,"Animalia",NA,"Cyclopoida",NA,NA,"Arthropoda",NA,"Cyclopina gracilis","Copepoda",NA,NA,"Oithonida","Crustacea",NA,NA,"Multicrustacea",NA,"Podoplea",NA,"worms",FALSE,TRUE,FALSE,FALSE
"Cyclothone microdon","Actinopteri","Gonostomatidae","Cyclothone","Actinopterygii",NA,NA,NA,"Gnathostomata","Animalia",NA,"Stomiiformes",NA,"Osteichthyes","Chordata",NA,"Cyclothone microdon","Teleostei",NA,NA,NA,"Vertebrata",NA,NA,NA,NA,NA,NA,"worms",FALSE,FALSE,TRUE,FALSE
"Cyrtodaria siliqua","Bivalvia","Hiatellidae","Cyrtodaria",NA,"Heteroconchia",NA,NA,NA,"Animalia",NA,"Adapedonta",NA,NA,"Mollusca",NA,"Cyrtodaria siliqua","Autobranchia",NA,NA,NA,NA,NA,"Euheterodonta",NA,"Hiatelloidea","Imparidentia",NA,"worms",TRUE,FALSE,FALSE,FALSE
"Delphinidae","Mammalia","Delphinidae",NA,NA,NA,NA,"Cetacea","Gnathostomata","Animalia","Tetrapoda","Cetartiodactyla",NA,NA,"Chordata",NA,NA,"Theria",NA,NA,"Cetancodonta","Vertebrata",NA,NA,NA,"Odontoceti",NA,NA,"worms",TRUE,FALSE,TRUE,FALSE
"Dinophyceae","Dinophyceae",NA,NA,NA,NA,"Alveolata",NA,"Dinoflagellata","Chromista",NA,NA,NA,NA,"Myzozoa",NA,NA,NA,NA,"Harosa",NA,"Dinozoa",NA,NA,NA,NA,NA,NA,"worms",FALSE,TRUE,FALSE,FALSE
"Dipturus","Elasmobranchii","Rajidae","Dipturus",NA,"Batoidea",NA,NA,"Gnathostomata","Animalia",NA,"Rajiformes",NA,"Chondrichthyes","Chordata",NA,NA,"Neoselachii",NA,NA,NA,"Vertebrata",NA,NA,NA,NA,NA,NA,"worms",FALSE,FALSE,FALSE,TRUE
"Dipturus batis","Elasmobranchii","Rajidae","Dipturus",NA,"Batoidea",NA,NA,"Gnathostomata","Animalia",NA,"Rajiformes",NA,"Chondrichthyes","Chordata",NA,"Dipturus batis","Neoselachii",NA,NA,NA,"Vertebrata",NA,NA,NA,NA,NA,NA,"worms",FALSE,FALSE,FALSE,TRUE
"Dorvilleidae","Polychaeta","Dorvilleidae",NA,NA,NA,NA,NA,NA,"Animalia",NA,"Eunicida",NA,NA,"Annelida",NA,NA,"Errantia",NA,NA,NA,NA,NA,NA,NA,NA,NA,NA,"worms",TRUE,FALSE,FALSE,FALSE
"Echinarachnius parma","Echinoidea","Echinarachniidae","Echinarachnius",NA,"Irregularia",NA,"Scutelliformes",NA,"Animalia",NA,"Clypeasteroida",NA,NA,"Echinodermata",NA,"Echinarachnius parma","Euechinoidea",NA,NA,"Scutellina","Echinozoa",NA,NA,NA,NA,"Neognathostomata",NA,"worms",TRUE,FALSE,FALSE,FALSE
"Echinorhynchus gadi","Palaeacanthocephala","Echinorhynchidae","Echinorhynchus",NA,NA,NA,NA,NA,"Animalia",NA,"Echinorhynchida",NA,NA,"Acanthocephala",NA,"Echinorhynchus gadi",NA,"Echinorhynchinae",NA,NA,NA,NA,NA,NA,NA,NA,NA,"worms",FALSE,TRUE,FALSE,FALSE
"Enchelyopus cimbrius","Actinopteri","Lotidae","Enchelyopus","Actinopterygii",NA,NA,NA,"Gnathostomata","Animalia",NA,"Gadiformes",NA,"Osteichthyes","Chordata",NA,"Enchelyopus cimbrius","Teleostei",NA,NA,NA,"Vertebrata",NA,NA,NA,NA,NA,NA,"worms",FALSE,FALSE,TRUE,TRUE
"Enipo torelli","Polychaeta","Polynoidae","Enipo",NA,NA,NA,NA,NA,"Animalia",NA,"Phyllodocida",NA,NA,"Annelida",NA,"Enipo torelli","Errantia","Polynoinae",NA,"Aphroditiformia",NA,NA,NA,NA,NA,NA,NA,"worms",TRUE,FALSE,FALSE,FALSE
"Ennucula tenuis","Bivalvia","Nuculidae","Ennucula",NA,NA,NA,NA,NA,"Animalia",NA,"Nuculida",NA,NA,"Mollusca",NA,"Ennucula tenuis","Protobranchia",NA,NA,NA,NA,NA,NA,NA,"Nuculoidea",NA,NA,"worms",TRUE,FALSE,FALSE,FALSE
"Epizoanthus arenaceus","Anthozoa","Epizoanthidae","Epizoanthus",NA,NA,NA,NA,NA,"Animalia",NA,"Zoantharia",NA,NA,"Cnidaria",NA,"Epizoanthus arenaceus","Hexacorallia",NA,NA,"Macrocnemina",NA,NA,NA,NA,NA,NA,NA,"worms",TRUE,FALSE,FALSE,FALSE
"Ericthonius fasciatus","Malacostraca","Ischyroceridae","Ericthonius",NA,NA,NA,"Corophiida",NA,"Animalia",NA,"Amphipoda","Caprellidira",NA,"Arthropoda",NA,"Ericthonius fasciatus","Eumalacostraca","Ischyrocerinae",NA,"Senticaudata","Crustacea",NA,NA,"Multicrustacea","Photoidea","Peracarida","Ericthonini","worms",TRUE,FALSE,FALSE,FALSE
"Eubranchus pallidus","Gastropoda","Eubranchidae","Eubranchus",NA,"Euthyneura",NA,NA,NA,"Animalia",NA,"Nudibranchia",NA,NA,"Mollusca",NA,"Eubranchus pallidus","Heterobranchia",NA,NA,"Cladobranchia",NA,NA,"Ringipleura",NA,"Fionoidea","Nudipleura",NA,"worms",TRUE,FALSE,FALSE,FALSE
"Euclymeninae","Polychaeta","Maldanidae",NA,NA,"Scolecida",NA,NA,NA,"Animalia",NA,NA,NA,NA,"Annelida",NA,NA,"Sedentaria","Euclymeninae",NA,NA,NA,NA,NA,NA,NA,NA,NA,"worms",TRUE,FALSE,FALSE,FALSE
"Eudendrium capillare","Hydrozoa","Eudendriidae","Eudendrium",NA,NA,NA,NA,NA,"Animalia",NA,"Anthoathecata",NA,NA,"Cnidaria",NA,"Eudendrium capillare","Hydroidolina",NA,NA,"Filifera",NA,NA,NA,NA,NA,NA,NA,"worms",TRUE,FALSE,FALSE,FALSE
"Euphausia krohni","Malacostraca","Euphausiidae","Euphausia",NA,NA,NA,NA,NA,"Animalia",NA,"Euphausiacea",NA,NA,"Arthropoda",NA,"Euphausia krohnii","Eumalacostraca",NA,NA,NA,"Crustacea",NA,NA,"Multicrustacea",NA,"Eucarida",NA,"worms",TRUE,FALSE,FALSE,FALSE
"Eurypon clavigerum","Demospongiae","Raspailiidae","Eurypon",NA,NA,NA,NA,NA,"Animalia",NA,"Axinellida",NA,NA,"Porifera",NA,"Eurypon clavigerum","Heteroscleromorpha","Raspailiinae",NA,NA,NA,NA,NA,NA,NA,NA,NA,"worms",TRUE,FALSE,FALSE,FALSE
"Flabelligeridae","Polychaeta","Flabelligeridae",NA,NA,"Canalipalpata",NA,NA,NA,"Animalia",NA,"Terebellida",NA,NA,"Annelida",NA,NA,"Sedentaria",NA,NA,"Cirratuliformia",NA,NA,NA,NA,NA,NA,NA,"worms",TRUE,FALSE,FALSE,FALSE
"Flustra foliacea","Gymnolaemata","Flustridae","Flustra",NA,NA,NA,NA,NA,"Animalia",NA,"Cheilostomatida",NA,NA,"Bryozoa",NA,"Flustra foliacea",NA,NA,NA,"Flustrina",NA,NA,NA,NA,"Flustroidea",NA,NA,"worms",TRUE,FALSE,FALSE,FALSE
"Fulvia mutica","Bivalvia","Cardiidae","Fulvia",NA,"Heteroconchia",NA,NA,NA,"Animalia",NA,"Cardiida",NA,NA,"Mollusca",NA,"Fulvia mutica","Autobranchia","Cardiinae",NA,NA,NA,NA,"Euheterodonta",NA,"Cardioidea","Imparidentia",NA,"worms",FALSE,TRUE,FALSE,FALSE
"Gadidae","Actinopteri","Gadidae",NA,"Actinopterygii",NA,NA,NA,"Gnathostomata","Animalia",NA,"Gadiformes",NA,"Osteichthyes","Chordata",NA,NA,"Teleostei",NA,NA,NA,"Vertebrata",NA,NA,NA,NA,NA,NA,"worms",FALSE,FALSE,TRUE,FALSE
"Gadus","Actinopteri","Gadidae","Gadus","Actinopterygii",NA,NA,NA,"Gnathostomata","Animalia",NA,"Gadiformes",NA,"Osteichthyes","Chordata",NA,NA,"Teleostei",NA,NA,NA,"Vertebrata",NA,NA,NA,NA,NA,NA,"worms",FALSE,FALSE,TRUE,TRUE
"Gadus morhua","Actinopteri","Gadidae","Gadus","Actinopterygii",NA,NA,NA,"Gnathostomata","Animalia",NA,"Gadiformes",NA,"Osteichthyes","Chordata",NA,"Gadus morhua","Teleostei",NA,NA,NA,"Vertebrata",NA,NA,NA,NA,NA,NA,"worms",FALSE,FALSE,TRUE,FALSE
"Galathowenia oculata","Polychaeta","Oweniidae","Galathowenia",NA,NA,NA,NA,NA,"Animalia",NA,NA,NA,NA,"Annelida",NA,"Galathowenia oculata","Polychaeta incertae sedis",NA,NA,NA,NA,NA,NA,NA,NA,NA,NA,"worms",TRUE,FALSE,FALSE,FALSE
"Gastrotricha",NA,NA,NA,NA,NA,NA,NA,NA,"Animalia",NA,NA,NA,NA,"Gastrotricha",NA,NA,NA,NA,NA,NA,NA,NA,NA,NA,NA,NA,NA,"worms",FALSE,TRUE,FALSE,FALSE
"Gersemia rubiformis","Anthozoa","Nephtheidae","Gersemia",NA,NA,NA,NA,NA,"Animalia",NA,"Alcyonacea",NA,NA,"Cnidaria",NA,"Gersemia rubiformis","Octocorallia",NA,NA,"Alcyoniina",NA,NA,NA,NA,NA,NA,NA,"worms",TRUE,FALSE,FALSE,FALSE
"Glycera capitata","Polychaeta","Glyceridae","Glycera",NA,NA,NA,NA,NA,"Animalia",NA,"Phyllodocida",NA,NA,"Annelida",NA,"Glycera capitata","Errantia",NA,NA,"Glyceriformia",NA,NA,NA,NA,NA,NA,NA,"worms",TRUE,FALSE,FALSE,FALSE
"Glyptocephalus cynoglossus","Actinopteri","Pleuronectidae","Glyptocephalus","Actinopterygii",NA,NA,NA,"Gnathostomata","Animalia",NA,"Pleuronectiformes",NA,"Osteichthyes","Chordata",NA,"Glyptocephalus cynoglossus","Teleostei","Pleuronectinae",NA,NA,"Vertebrata",NA,NA,NA,NA,NA,NA,"worms",TRUE,FALSE,TRUE,TRUE
"Gonactiniidae","Anthozoa","Gonactiniidae",NA,NA,NA,NA,NA,NA,"Animalia",NA,"Actiniaria",NA,NA,"Cnidaria",NA,NA,"Hexacorallia",NA,NA,"Enthemonae",NA,NA,NA,NA,"Metridioidea",NA,NA,"worms",TRUE,FALSE,FALSE,FALSE
"Goniada maculata","Polychaeta","Goniadidae","Goniada",NA,NA,NA,NA,NA,"Animalia",NA,"Phyllodocida",NA,NA,"Annelida",NA,"Goniada maculata","Errantia",NA,NA,"Glyceriformia",NA,NA,NA,NA,NA,NA,NA,"worms",TRUE,FALSE,FALSE,FALSE
"Gonostoma elongatum","Actinopteri","Gonostomatidae","Gonostoma","Actinopterygii",NA,NA,NA,"Gnathostomata","Animalia",NA,"Stomiiformes",NA,"Osteichthyes","Chordata",NA,"Gonostoma elongatum","Teleostei",NA,NA,NA,"Vertebrata",NA,NA,NA,NA,NA,NA,"worms",FALSE,FALSE,FALSE,TRUE
"Halichondria coerulea","Demospongiae","Halichondriidae","Halichondria",NA,NA,NA,NA,NA,"Animalia",NA,"Suberitida",NA,NA,"Porifera",NA,"Halichondria coerulea","Heteroscleromorpha",NA,NA,NA,NA,NA,NA,NA,NA,NA,NA,"worms",TRUE,FALSE,FALSE,FALSE
"Halichondria panicea","Demospongiae","Halichondriidae","Halichondria",NA,NA,NA,NA,NA,"Animalia",NA,"Suberitida",NA,NA,"Porifera",NA,"Halichondria panicea","Heteroscleromorpha",NA,NA,NA,NA,NA,NA,NA,NA,NA,NA,"worms",TRUE,FALSE,FALSE,FALSE
"Halocynthia roretzi","Ascidiacea","Pyuridae","Halocynthia",NA,NA,NA,NA,NA,"Animalia",NA,"Stolidobranchia",NA,NA,"Chordata",NA,"Halocynthia roretzi",NA,NA,NA,NA,"Tunicata",NA,NA,NA,NA,NA,NA,"worms",FALSE,TRUE,FALSE,FALSE
"Halocyprida","Ostracoda",NA,NA,NA,NA,NA,NA,NA,"Animalia",NA,"Halocyprida",NA,NA,"Arthropoda",NA,NA,"Myodocopa",NA,NA,NA,"Crustacea",NA,NA,"Oligostraca",NA,NA,NA,"worms",TRUE,FALSE,FALSE,FALSE
"Halopsis ocellata","Hydrozoa","Mitrocomidae","Halopsis",NA,NA,NA,NA,NA,"Animalia",NA,"Leptothecata",NA,NA,"Cnidaria",NA,"Halopsis ocellata","Hydroidolina",NA,NA,NA,NA,NA,NA,NA,NA,NA,NA,"worms",TRUE,FALSE,FALSE,FALSE
"Helicolenus dactylopterus","Actinopteri","Sebastidae","Helicolenus","Actinopterygii",NA,NA,NA,"Gnathostomata","Animalia",NA,"Perciformes",NA,"Osteichthyes","Chordata",NA,"Helicolenus dactylopterus","Teleostei","Sebastinae",NA,NA,"Vertebrata",NA,NA,NA,NA,NA,NA,"worms",FALSE,FALSE,TRUE,TRUE
"Henricia","Asteroidea","Echinasteridae","Henricia",NA,NA,NA,NA,NA,"Animalia",NA,"Spinulosida",NA,NA,"Echinodermata",NA,NA,NA,NA,NA,NA,"Asterozoa",NA,NA,NA,NA,"Spinulosacea",NA,"worms",TRUE,FALSE,FALSE,FALSE
"Heteromastus filiformis","Polychaeta","Capitellidae","Heteromastus",NA,"Scolecida",NA,NA,NA,"Animalia",NA,NA,NA,NA,"Annelida",NA,"Heteromastus filiformis","Sedentaria",NA,NA,NA,NA,NA,NA,NA,NA,NA,NA,"worms",FALSE,TRUE,FALSE,FALSE
"Hippoglossina oblonga","Actinopteri","Paralichthyidae","Hippoglossina","Actinopterygii",NA,NA,NA,"Gnathostomata","Animalia",NA,"Pleuronectiformes",NA,"Osteichthyes","Chordata",NA,"Hippoglossina oblonga","Teleostei",NA,NA,NA,"Vertebrata",NA,NA,NA,NA,NA,NA,"worms",FALSE,FALSE,TRUE,FALSE
"Hippoglossoides","Actinopteri","Pleuronectidae","Hippoglossoides","Actinopterygii",NA,NA,NA,"Gnathostomata","Animalia",NA,"Pleuronectiformes",NA,"Osteichthyes","Chordata",NA,NA,"Teleostei","Pleuronectinae",NA,NA,"Vertebrata",NA,NA,NA,NA,NA,NA,"worms",FALSE,FALSE,TRUE,TRUE
"Hippoglossoides platessoides","Actinopteri","Pleuronectidae","Hippoglossoides","Actinopterygii",NA,NA,NA,"Gnathostomata","Animalia",NA,"Pleuronectiformes",NA,"Osteichthyes","Chordata",NA,"Hippoglossoides platessoides","Teleostei","Pleuronectinae",NA,NA,"Vertebrata",NA,NA,NA,NA,NA,NA,"worms",TRUE,FALSE,FALSE,FALSE
"Hippoglossus","Actinopteri","Pleuronectidae","Hippoglossus","Actinopterygii",NA,NA,NA,"Gnathostomata","Animalia",NA,"Pleuronectiformes",NA,"Osteichthyes","Chordata",NA,NA,"Teleostei","Pleuronectinae",NA,NA,"Vertebrata",NA,NA,NA,NA,NA,NA,"worms",FALSE,FALSE,TRUE,FALSE
"Hippoglossus hippoglossus","Actinopteri","Pleuronectidae","Hippoglossus","Actinopterygii",NA,NA,NA,"Gnathostomata","Animalia",NA,"Pleuronectiformes",NA,"Osteichthyes","Chordata",NA,"Hippoglossus hippoglossus","Teleostei","Pleuronectinae",NA,NA,"Vertebrata",NA,NA,NA,NA,NA,NA,"worms",TRUE,FALSE,FALSE,TRUE
"Hydractinia","Hydrozoa","Hydractiniidae","Hydractinia",NA,NA,NA,NA,NA,"Animalia",NA,"Anthoathecata",NA,NA,"Cnidaria",NA,NA,"Hydroidolina",NA,NA,"Filifera",NA,NA,NA,NA,NA,NA,NA,"worms",TRUE,FALSE,FALSE,FALSE
"Hydrozoa","Hydrozoa",NA,NA,NA,NA,NA,NA,NA,"Animalia",NA,NA,NA,NA,"Cnidaria",NA,NA,NA,NA,NA,NA,NA,NA,NA,NA,NA,NA,NA,"worms",TRUE,TRUE,FALSE,FALSE
"Hymeraphia stellifera","Demospongiae","Raspailiidae","Hymeraphia",NA,NA,NA,NA,NA,"Animalia",NA,"Axinellida",NA,NA,"Porifera",NA,"Hymeraphia stellifera","Heteroscleromorpha","Raspailiinae",NA,NA,NA,NA,NA,NA,NA,NA,NA,"worms",TRUE,FALSE,FALSE,FALSE
"Illex","Cephalopoda","Ommastrephidae","Illex",NA,NA,NA,NA,NA,"Animalia",NA,"Oegopsida",NA,NA,"Mollusca",NA,NA,"Coleoidea","Illicinae",NA,NA,NA,NA,NA,NA,"Ommastrephoidea","Decapodiformes",NA,"worms",TRUE,FALSE,FALSE,FALSE
"Lafoea dumosa","Hydrozoa","Lafoeidae","Lafoea",NA,NA,NA,NA,NA,"Animalia",NA,"Leptothecata",NA,NA,"Cnidaria",NA,"Lafoea dumosa","Hydroidolina",NA,NA,NA,NA,NA,NA,NA,NA,NA,NA,"worms",TRUE,FALSE,FALSE,FALSE
"Lagenorhynchus acutus","Mammalia","Delphinidae","Lagenorhynchus",NA,NA,NA,"Cetacea","Gnathostomata","Animalia","Tetrapoda","Cetartiodactyla",NA,NA,"Chordata",NA,"Lagenorhynchus acutus","Theria",NA,NA,"Cetancodonta","Vertebrata",NA,NA,NA,"Odontoceti",NA,NA,"worms",FALSE,FALSE,TRUE,FALSE
"Lamna nasus","Elasmobranchii","Lamnidae","Lamna",NA,"Selachii",NA,NA,"Gnathostomata","Animalia",NA,"Lamniformes",NA,"Chondrichthyes","Chordata",NA,"Lamna nasus","Neoselachii",NA,NA,NA,"Vertebrata",NA,NA,NA,NA,"Galeomorphi",NA,"worms",FALSE,FALSE,TRUE,TRUE
"Lamniformes","Elasmobranchii",NA,NA,NA,"Selachii",NA,NA,"Gnathostomata","Animalia",NA,"Lamniformes",NA,"Chondrichthyes","Chordata",NA,NA,"Neoselachii",NA,NA,NA,"Vertebrata",NA,NA,NA,NA,"Galeomorphi",NA,"worms",FALSE,FALSE,TRUE,FALSE
"Laonice","Polychaeta","Spionidae","Laonice",NA,"Canalipalpata",NA,NA,NA,"Animalia",NA,"Spionida",NA,NA,"Annelida",NA,NA,"Sedentaria",NA,NA,"Spioniformia",NA,NA,NA,NA,NA,NA,NA,"worms",FALSE,TRUE,FALSE,FALSE
"Laonice cirrata","Polychaeta","Spionidae","Laonice",NA,"Canalipalpata",NA,NA,NA,"Animalia",NA,"Spionida",NA,NA,"Annelida",NA,"Laonice cirrata","Sedentaria",NA,NA,"Spioniformia",NA,NA,NA,NA,NA,NA,NA,"worms",TRUE,FALSE,FALSE,FALSE
"Laonice sarsi","Polychaeta","Spionidae","Laonice",NA,"Canalipalpata",NA,NA,NA,"Animalia",NA,"Spionida",NA,NA,"Annelida",NA,"Laonice sarsi","Sedentaria",NA,NA,"Spioniformia",NA,NA,NA,NA,NA,NA,NA,"worms",TRUE,FALSE,FALSE,FALSE
"Leaena ebranchiata","Polychaeta","Terebellidae","Leaena",NA,"Canalipalpata",NA,NA,NA,"Animalia",NA,"Terebellida",NA,NA,"Annelida",NA,"Leaena ebranchiata","Sedentaria","Terebellinae",NA,"Terebelliformia",NA,NA,NA,NA,NA,NA,"Terebellini","worms",TRUE,FALSE,FALSE,FALSE
"Leptasterias littoralis","Asteroidea","Asteriidae","Leptasterias",NA,NA,NA,NA,NA,"Animalia",NA,"Forcipulatida",NA,NA,"Echinodermata",NA,"Leptasterias littoralis",NA,NA,NA,NA,"Asterozoa",NA,NA,NA,NA,"Forcipulatacea",NA,"worms",TRUE,FALSE,FALSE,FALSE
"Leptasterias polaris","Asteroidea","Asteriidae","Leptasterias",NA,NA,NA,NA,NA,"Animalia",NA,"Forcipulatida",NA,NA,"Echinodermata",NA,"Leptasterias polaris",NA,NA,NA,NA,"Asterozoa",NA,NA,NA,NA,"Forcipulatacea",NA,"worms",TRUE,FALSE,FALSE,FALSE
"Leptoclinus maculatus","Actinopteri","Stichaeidae","Leptoclinus","Actinopterygii",NA,NA,NA,"Gnathostomata","Animalia",NA,"Perciformes",NA,"Osteichthyes","Chordata",NA,"Leptoclinus maculatus","Teleostei","Lumpeninae",NA,NA,"Vertebrata",NA,NA,NA,NA,NA,NA,"worms",FALSE,FALSE,FALSE,TRUE
"Leptothecata","Hydrozoa",NA,NA,NA,NA,NA,NA,NA,"Animalia",NA,"Leptothecata",NA,NA,"Cnidaria",NA,NA,"Hydroidolina",NA,NA,NA,NA,NA,NA,NA,NA,NA,NA,"worms",TRUE,FALSE,FALSE,FALSE
"Lestidiops ringens","Actinopteri","Paralepididae","Lestidiops","Actinopterygii",NA,NA,NA,"Gnathostomata","Animalia",NA,"Aulopiformes",NA,"Osteichthyes","Chordata",NA,"Lestidiops ringens","Teleostei",NA,NA,NA,"Vertebrata",NA,NA,NA,NA,NA,NA,"worms",FALSE,FALSE,FALSE,TRUE
"Leuckartiara nobilis","Hydrozoa","Pandeidae","Leuckartiara",NA,NA,NA,NA,NA,"Animalia",NA,"Anthoathecata",NA,NA,"Cnidaria",NA,"Leuckartiara nobilis","Hydroidolina",NA,NA,"Filifera",NA,NA,NA,NA,NA,NA,NA,"worms",TRUE,FALSE,FALSE,FALSE
"Leuckartiara octona","Hydrozoa","Pandeidae","Leuckartiara",NA,NA,NA,NA,NA,"Animalia",NA,"Anthoathecata",NA,NA,"Cnidaria",NA,"Leuckartiara octona","Hydroidolina",NA,NA,"Filifera",NA,NA,NA,NA,NA,NA,NA,"worms",TRUE,FALSE,FALSE,FALSE
"Leucoraja erinacea","Elasmobranchii","Rajidae","Leucoraja",NA,"Batoidea",NA,NA,"Gnathostomata","Animalia",NA,"Rajiformes",NA,"Chondrichthyes","Chordata",NA,"Leucoraja erinacea","Neoselachii",NA,NA,NA,"Vertebrata",NA,NA,NA,NA,NA,NA,"worms",TRUE,FALSE,TRUE,TRUE
"Leucoraja ocellata","Elasmobranchii","Rajidae","Leucoraja",NA,"Batoidea",NA,NA,"Gnathostomata","Animalia",NA,"Rajiformes",NA,"Chondrichthyes","Chordata",NA,"Leucoraja ocellata","Neoselachii",NA,NA,NA,"Vertebrata",NA,NA,NA,NA,NA,NA,"worms",FALSE,FALSE,TRUE,FALSE
"Limacina helicina","Gastropoda","Limacinidae","Limacina",NA,"Euthyneura",NA,NA,NA,"Animalia",NA,"Pteropoda",NA,NA,"Mollusca",NA,"Limacina helicina","Heterobranchia",NA,NA,"Euthecosomata",NA,NA,"Tectipleura",NA,"Limacinoidea",NA,NA,"worms",TRUE,FALSE,FALSE,FALSE
"Liparis gibbus","Actinopteri","Liparidae","Liparis","Actinopterygii",NA,NA,NA,"Gnathostomata","Animalia",NA,"Perciformes",NA,"Osteichthyes","Chordata",NA,"Liparis gibbus","Teleostei",NA,NA,NA,"Vertebrata",NA,NA,NA,NA,NA,NA,"worms",FALSE,FALSE,TRUE,FALSE
"Liparis inquilinus","Actinopteri","Liparidae","Liparis","Actinopterygii",NA,NA,NA,"Gnathostomata","Animalia",NA,"Perciformes",NA,"Osteichthyes","Chordata",NA,"Liparis inquilinus","Teleostei",NA,NA,NA,"Vertebrata",NA,NA,NA,NA,NA,NA,"worms",FALSE,FALSE,FALSE,TRUE
"Lophius americanus","Actinopteri","Lophiidae","Lophius","Actinopterygii",NA,NA,NA,"Gnathostomata","Animalia",NA,"Lophiiformes",NA,"Osteichthyes","Chordata",NA,"Lophius americanus","Teleostei",NA,NA,NA,"Vertebrata",NA,NA,NA,NA,NA,NA,"worms",TRUE,FALSE,TRUE,TRUE
"Loxosomella",NA,"Loxosomatidae","Loxosomella",NA,NA,NA,NA,NA,"Animalia",NA,NA,NA,NA,"Entoprocta",NA,NA,NA,NA,NA,NA,NA,NA,NA,NA,NA,NA,NA,"worms",FALSE,TRUE,FALSE,FALSE
"Lumpenus lampretaeformis","Actinopteri","Stichaeidae","Lumpenus","Actinopterygii",NA,NA,NA,"Gnathostomata","Animalia",NA,"Perciformes",NA,"Osteichthyes","Chordata",NA,"Lumpenus lampretaeformis","Teleostei","Lumpeninae",NA,NA,"Vertebrata",NA,NA,NA,NA,NA,NA,"worms",TRUE,FALSE,TRUE,TRUE
"Lycenchelys kolthoffi","Actinopteri","Zoarcidae","Lycenchelys","Actinopterygii",NA,NA,NA,"Gnathostomata","Animalia",NA,"Perciformes",NA,"Osteichthyes","Chordata",NA,"Lycenchelys kolthoffi","Teleostei","Lycodinae",NA,NA,"Vertebrata",NA,NA,NA,NA,NA,NA,"worms",FALSE,FALSE,TRUE,TRUE
"Lycodes vahlii","Actinopteri","Zoarcidae","Lycodes","Actinopterygii",NA,NA,NA,"Gnathostomata","Animalia",NA,"Perciformes",NA,"Osteichthyes","Chordata",NA,"Lycodes vahlii","Teleostei","Lycodinae",NA,NA,"Vertebrata",NA,NA,NA,NA,NA,NA,"worms",TRUE,FALSE,FALSE,FALSE
"Macoma calcarea","Bivalvia","Tellinidae","Macoma",NA,"Heteroconchia",NA,NA,NA,"Animalia",NA,"Cardiida",NA,NA,"Mollusca",NA,"Macoma calcarea","Autobranchia","Macominae",NA,NA,NA,NA,"Euheterodonta",NA,"Tellinoidea","Imparidentia",NA,"worms",TRUE,FALSE,FALSE,FALSE
"Malacoraja kreffti","Elasmobranchii","Rajidae","Malacoraja",NA,"Batoidea",NA,NA,"Gnathostomata","Animalia",NA,"Rajiformes",NA,"Chondrichthyes","Chordata",NA,"Malacoraja kreffti","Neoselachii",NA,NA,NA,"Vertebrata",NA,NA,NA,NA,NA,NA,"worms",FALSE,FALSE,FALSE,TRUE
"Maldane sarsi","Polychaeta","Maldanidae","Maldane",NA,"Scolecida",NA,NA,NA,"Animalia",NA,NA,NA,NA,"Annelida",NA,"Maldane sarsi","Sedentaria","Maldaninae",NA,NA,NA,NA,NA,NA,NA,NA,NA,"worms",TRUE,FALSE,FALSE,FALSE
"Maxillopoda","Maxillopoda",NA,NA,NA,NA,NA,NA,NA,"Animalia",NA,NA,NA,NA,"Arthropoda",NA,NA,NA,NA,NA,NA,"Crustacea",NA,NA,NA,NA,NA,NA,"worms",FALSE,TRUE,FALSE,FALSE
"Meganyctiphanes norvegica","Malacostraca","Euphausiidae","Meganyctiphanes",NA,NA,NA,NA,NA,"Animalia",NA,"Euphausiacea",NA,NA,"Arthropoda",NA,"Meganyctiphanes norvegica","Eumalacostraca",NA,NA,NA,"Crustacea",NA,NA,"Multicrustacea",NA,"Eucarida",NA,"worms",TRUE,FALSE,FALSE,FALSE
"Megaptera novaeangliae","Mammalia","Balaenopteridae","Megaptera",NA,NA,NA,"Cetacea","Gnathostomata","Animalia","Tetrapoda","Cetartiodactyla",NA,NA,"Chordata",NA,"Megaptera novaeangliae","Theria",NA,NA,"Cetancodonta","Vertebrata",NA,NA,NA,"Mysticeti",NA,NA,"worms",TRUE,FALSE,TRUE,FALSE
"Melanogrammus aeglefinus","Actinopteri","Gadidae","Melanogrammus","Actinopterygii",NA,NA,NA,"Gnathostomata","Animalia",NA,"Gadiformes",NA,"Osteichthyes","Chordata",NA,"Melanogrammus aeglefinus","Teleostei",NA,NA,NA,"Vertebrata",NA,NA,NA,NA,NA,NA,"worms",TRUE,FALSE,FALSE,TRUE
"Melicertum octocostatum","Hydrozoa","Melicertidae","Melicertum",NA,NA,NA,NA,NA,"Animalia",NA,"Leptothecata",NA,NA,"Cnidaria",NA,"Melicertum octocostatum","Hydroidolina",NA,NA,NA,NA,NA,NA,NA,NA,NA,NA,"worms",TRUE,FALSE,FALSE,FALSE
"Melinna cristata","Polychaeta","Melinnidae","Melinna",NA,"Canalipalpata",NA,NA,NA,"Animalia",NA,"Terebellida",NA,NA,"Annelida",NA,"Melinna cristata","Sedentaria",NA,NA,"Terebelliformia",NA,NA,NA,NA,NA,NA,NA,"worms",TRUE,FALSE,FALSE,FALSE
"Membranipora membranacea","Gymnolaemata","Membraniporidae","Membranipora",NA,NA,NA,NA,NA,"Animalia",NA,"Cheilostomatida",NA,NA,"Bryozoa",NA,"Membranipora membranacea",NA,NA,NA,"Membraniporina",NA,NA,NA,NA,"Membraniporoidea",NA,NA,"worms",TRUE,FALSE,FALSE,FALSE
"Merluccius albidus","Actinopteri","Merlucciidae","Merluccius","Actinopterygii",NA,NA,NA,"Gnathostomata","Animalia",NA,"Gadiformes",NA,"Osteichthyes","Chordata",NA,"Merluccius albidus","Teleostei","Merlucciinae",NA,NA,"Vertebrata",NA,NA,NA,NA,NA,NA,"worms",TRUE,FALSE,TRUE,TRUE
"Merluccius bilinearis","Actinopteri","Merlucciidae","Merluccius","Actinopterygii",NA,NA,NA,"Gnathostomata","Animalia",NA,"Gadiformes",NA,"Osteichthyes","Chordata",NA,"Merluccius bilinearis","Teleostei","Merlucciinae",NA,NA,"Vertebrata",NA,NA,NA,NA,NA,NA,"worms",TRUE,FALSE,TRUE,TRUE
"Metridia lucens","Hexanauplia","Metridinidae","Metridia",NA,"Neocopepoda",NA,NA,NA,"Animalia",NA,"Calanoida",NA,NA,"Arthropoda",NA,"Metridia lucens","Copepoda",NA,NA,NA,"Crustacea",NA,NA,"Multicrustacea",NA,"Gymnoplea",NA,"worms",TRUE,FALSE,FALSE,FALSE
"Metridium","Anthozoa","Metridiidae","Metridium",NA,NA,NA,NA,NA,"Animalia",NA,"Actiniaria",NA,NA,"Cnidaria",NA,NA,"Hexacorallia",NA,NA,"Enthemonae",NA,NA,NA,NA,"Metridioidea",NA,NA,"worms",TRUE,FALSE,TRUE,FALSE
"Mitrocomella polydiademata","Hydrozoa","Mitrocomidae","Mitrocomella",NA,NA,NA,NA,NA,"Animalia",NA,"Leptothecata",NA,NA,"Cnidaria",NA,"Mitrocomella polydiademata","Hydroidolina",NA,NA,NA,NA,NA,NA,NA,NA,NA,NA,"worms",TRUE,FALSE,FALSE,FALSE
"Molgula complanata","Ascidiacea","Molgulidae","Molgula",NA,NA,NA,NA,NA,"Animalia",NA,"Stolidobranchia",NA,NA,"Chordata",NA,"Molgula complanata",NA,NA,NA,NA,"Tunicata",NA,NA,NA,NA,NA,NA,"worms",FALSE,TRUE,FALSE,FALSE
"Myoxocephalus octodecemspinosus","Actinopteri","Cottidae","Myoxocephalus","Actinopterygii",NA,NA,NA,"Gnathostomata","Animalia",NA,"Perciformes",NA,"Osteichthyes","Chordata",NA,"Myoxocephalus octodecemspinosus","Teleostei",NA,NA,NA,"Vertebrata",NA,NA,NA,NA,NA,NA,"worms",FALSE,FALSE,TRUE,TRUE
"Myoxocephalus scorpius","Actinopteri","Cottidae","Myoxocephalus","Actinopterygii",NA,NA,NA,"Gnathostomata","Animalia",NA,"Perciformes",NA,"Osteichthyes","Chordata",NA,"Myoxocephalus scorpius","Teleostei",NA,NA,NA,"Vertebrata",NA,NA,NA,NA,NA,NA,"worms",FALSE,FALSE,FALSE,TRUE
"Mytilus edulis","Bivalvia","Mytilidae","Mytilus",NA,"Pteriomorphia",NA,NA,NA,"Animalia",NA,"Mytilida",NA,NA,"Mollusca",NA,"Mytilus edulis","Autobranchia","Mytilinae",NA,NA,NA,NA,NA,NA,"Mytiloidea",NA,NA,"worms",TRUE,FALSE,FALSE,FALSE
"Myxicola","Polychaeta","Sabellidae","Myxicola",NA,"Canalipalpata",NA,NA,NA,"Animalia",NA,"Sabellida",NA,NA,"Annelida",NA,NA,"Sedentaria","Myxicolinae",NA,NA,NA,NA,NA,NA,NA,NA,"Myxicolini","worms",FALSE,TRUE,FALSE,FALSE
"Myxicola infundibulum","Polychaeta","Sabellidae","Myxicola",NA,"Canalipalpata",NA,NA,NA,"Animalia",NA,"Sabellida",NA,NA,"Annelida",NA,"Myxicola infundibulum","Sedentaria","Myxicolinae",NA,NA,NA,NA,NA,NA,NA,NA,"Myxicolini","worms",TRUE,FALSE,FALSE,FALSE
"Myxidium","Myxozoa","Myxidiidae","Myxidium",NA,NA,NA,NA,NA,"Animalia",NA,"Bivalvulida",NA,NA,"Cnidaria",NA,NA,"Myxosporea",NA,NA,"Variisporina",NA,NA,NA,NA,NA,NA,NA,"worms",FALSE,TRUE,FALSE,FALSE
"Myxine limosa","Myxini","Myxinidae","Myxine",NA,NA,NA,NA,"Agnatha","Animalia",NA,"Myxiniformes",NA,NA,"Chordata",NA,"Myxine limosa",NA,"Myxininae",NA,NA,"Vertebrata",NA,NA,"Cyclostomi",NA,NA,NA,"worms",TRUE,FALSE,FALSE,FALSE
"Nanomia cara","Hydrozoa","Agalmatidae","Nanomia",NA,NA,NA,NA,NA,"Animalia",NA,"Siphonophorae",NA,NA,"Cnidaria",NA,"Nanomia cara","Hydroidolina",NA,NA,"Physonectae",NA,NA,NA,NA,NA,NA,NA,"worms",TRUE,FALSE,FALSE,FALSE
"Nematoscelis megalops","Malacostraca","Euphausiidae","Nematoscelis",NA,NA,NA,NA,NA,"Animalia",NA,"Euphausiacea",NA,NA,"Arthropoda",NA,"Nematoscelis megalops","Eumalacostraca",NA,NA,NA,"Crustacea",NA,NA,"Multicrustacea",NA,"Eucarida",NA,"worms",TRUE,FALSE,FALSE,FALSE
"Nereis pelagica","Polychaeta","Nereididae","Nereis",NA,NA,NA,NA,NA,"Animalia",NA,"Phyllodocida",NA,NA,"Annelida",NA,"Nereis pelagica","Errantia","Nereidinae",NA,"Nereidiformia",NA,NA,NA,NA,NA,NA,NA,"worms",TRUE,FALSE,FALSE,FALSE
"Nezumia bairdii","Actinopteri","Macrouridae","Nezumia","Actinopterygii",NA,NA,NA,"Gnathostomata","Animalia",NA,"Gadiformes",NA,"Osteichthyes","Chordata",NA,"Nezumia bairdii","Teleostei","Macrourinae",NA,NA,"Vertebrata",NA,NA,NA,NA,NA,NA,"worms",FALSE,FALSE,TRUE,FALSE
"Nothria conchylega","Polychaeta","Onuphidae","Nothria",NA,NA,NA,NA,NA,"Animalia",NA,"Eunicida",NA,NA,"Annelida",NA,"Nothria conchylega","Errantia","Hyalinoeciinae",NA,NA,NA,NA,NA,NA,NA,NA,NA,"worms",TRUE,FALSE,FALSE,FALSE
"Notomastus latericeus","Polychaeta","Capitellidae","Notomastus",NA,"Scolecida",NA,NA,NA,"Animalia",NA,NA,NA,NA,"Annelida",NA,"Notomastus latericeus","Sedentaria",NA,NA,NA,NA,NA,NA,NA,NA,NA,NA,"worms",FALSE,TRUE,FALSE,FALSE
"Notoscopelus elongatus","Actinopteri","Myctophidae","Notoscopelus","Actinopterygii",NA,NA,NA,"Gnathostomata","Animalia",NA,"Myctophiformes",NA,"Osteichthyes","Chordata",NA,"Notoscopelus elongatus","Teleostei",NA,NA,NA,"Vertebrata",NA,NA,NA,NA,NA,NA,"worms",FALSE,FALSE,FALSE,TRUE
"Obelia","Hydrozoa","Campanulariidae","Obelia",NA,NA,NA,NA,NA,"Animalia",NA,"Leptothecata",NA,NA,"Cnidaria",NA,NA,"Hydroidolina",NA,NA,NA,NA,NA,NA,NA,NA,NA,NA,"worms",TRUE,FALSE,FALSE,FALSE
"Oithona similis","Hexanauplia","Oithonidae","Oithona",NA,"Neocopepoda",NA,NA,NA,"Animalia",NA,"Cyclopoida",NA,NA,"Arthropoda",NA,"Oithona similis","Copepoda",NA,NA,"Oithonida","Crustacea",NA,NA,"Multicrustacea",NA,"Podoplea",NA,"worms",TRUE,FALSE,FALSE,FALSE
"Oncorhynchus mykiss","Actinopteri","Salmonidae","Oncorhynchus","Actinopterygii",NA,NA,NA,"Gnathostomata","Animalia",NA,"Salmoniformes",NA,"Osteichthyes","Chordata",NA,"Oncorhynchus mykiss","Teleostei","Salmoninae",NA,NA,"Vertebrata",NA,NA,NA,NA,NA,NA,"worms",TRUE,FALSE,FALSE,TRUE
"Ophelina acuminata","Polychaeta","Opheliidae","Ophelina",NA,"Scolecida",NA,NA,NA,"Animalia",NA,NA,NA,NA,"Annelida",NA,"Ophelina acuminata","Sedentaria","Ophelininae",NA,NA,NA,NA,NA,NA,NA,NA,NA,"worms",TRUE,FALSE,FALSE,FALSE
"Ophiopholis aculeata","Ophiuroidea","Ophiopholidae","Ophiopholis",NA,"Metophiurida",NA,NA,NA,"Animalia",NA,"Amphilepidida",NA,NA,"Echinodermata",NA,"Ophiopholis aculeata","Myophiuroida",NA,NA,"Gnathophiurina","Asterozoa",NA,NA,NA,"Ophiactoidea","Ophintegrida",NA,"worms",TRUE,FALSE,FALSE,FALSE
"Ophiura","Ophiuroidea","Ophiuridae","Ophiura",NA,"Metophiurida",NA,NA,NA,"Animalia",NA,"Ophiurida",NA,NA,"Echinodermata",NA,NA,"Myophiuroida","Ophiurinae",NA,"Ophiurina","Asterozoa",NA,NA,NA,NA,"Euryophiurida",NA,"worms",TRUE,FALSE,FALSE,FALSE
"Ophiuroidea","Ophiuroidea",NA,NA,NA,NA,NA,NA,NA,"Animalia",NA,NA,NA,NA,"Echinodermata",NA,NA,NA,NA,NA,NA,"Asterozoa",NA,NA,NA,NA,NA,NA,"worms",TRUE,FALSE,FALSE,FALSE
"Oscarella balibaloi","Homoscleromorpha","Oscarellidae","Oscarella",NA,NA,NA,NA,NA,"Animalia",NA,"Homosclerophorida",NA,NA,"Porifera",NA,"Oscarella balibaloi",NA,NA,NA,NA,NA,NA,NA,NA,NA,NA,NA,"worms",TRUE,FALSE,FALSE,FALSE
"Oscarella viridis","Homoscleromorpha","Oscarellidae","Oscarella",NA,NA,NA,NA,NA,"Animalia",NA,"Homosclerophorida",NA,NA,"Porifera",NA,"Oscarella viridis",NA,NA,NA,NA,NA,NA,NA,NA,NA,NA,NA,"worms",TRUE,FALSE,FALSE,FALSE
"Owenia fusiformis","Polychaeta","Oweniidae","Owenia",NA,NA,NA,NA,NA,"Animalia",NA,NA,NA,NA,"Annelida",NA,"Owenia fusiformis","Polychaeta incertae sedis",NA,NA,NA,NA,NA,NA,NA,NA,NA,NA,"worms",TRUE,FALSE,FALSE,FALSE
"Paracalanidae","Hexanauplia","Paracalanidae",NA,NA,"Neocopepoda",NA,NA,NA,"Animalia",NA,"Calanoida",NA,NA,"Arthropoda",NA,NA,"Copepoda",NA,NA,NA,"Crustacea",NA,NA,"Multicrustacea",NA,"Gymnoplea",NA,"worms",TRUE,FALSE,FALSE,FALSE
"Paracalanus","Hexanauplia","Paracalanidae","Paracalanus",NA,"Neocopepoda",NA,NA,NA,"Animalia",NA,"Calanoida",NA,NA,"Arthropoda",NA,NA,"Copepoda",NA,NA,NA,"Crustacea",NA,NA,"Multicrustacea",NA,"Gymnoplea",NA,"worms",TRUE,FALSE,FALSE,FALSE
"Paraeuchaeta norvegica","Hexanauplia","Euchaetidae","Paraeuchaeta",NA,"Neocopepoda",NA,NA,NA,"Animalia",NA,"Calanoida",NA,NA,"Arthropoda",NA,"Paraeuchaeta norvegica","Copepoda",NA,NA,NA,"Crustacea",NA,NA,"Multicrustacea",NA,"Gymnoplea",NA,"worms",TRUE,FALSE,FALSE,FALSE
"Paramphinome jeffreysii","Polychaeta","Amphinomidae","Paramphinome",NA,NA,NA,NA,NA,"Animalia",NA,"Amphinomida",NA,NA,"Annelida",NA,"Paramphinome jeffreysii","Errantia","Amphinominae",NA,NA,NA,NA,NA,NA,NA,NA,NA,"worms",TRUE,FALSE,FALSE,FALSE
"Paranerilla limicola","Polychaeta","Nerillidae","Paranerilla",NA,NA,NA,NA,NA,"Animalia",NA,NA,NA,NA,"Annelida",NA,"Paranerilla limicola","Polychaeta incertae sedis",NA,NA,NA,NA,NA,NA,NA,NA,NA,NA,"worms",FALSE,TRUE,FALSE,FALSE
"Parvicirrus dubius","Pilidiophora","Lineidae","Parvicirrus",NA,NA,NA,NA,NA,"Animalia",NA,"Heteronemertea",NA,NA,"Nemertea",NA,"Parvicirrus dubius",NA,NA,NA,NA,NA,NA,NA,NA,NA,NA,NA,"worms",TRUE,FALSE,FALSE,FALSE
"Pectinaria granulata","Polychaeta","Pectinariidae","Pectinaria",NA,"Canalipalpata",NA,NA,NA,"Animalia",NA,"Terebellida",NA,NA,"Annelida",NA,"Pectinaria granulata","Sedentaria",NA,NA,"Terebelliformia",NA,NA,NA,NA,NA,NA,NA,"worms",TRUE,FALSE,FALSE,FALSE
"Pennatula aculeata","Anthozoa","Pennatulidae","Pennatula",NA,NA,NA,NA,NA,"Animalia",NA,"Pennatulacea",NA,NA,"Cnidaria",NA,"Pennatula aculeata","Octocorallia",NA,NA,"Subselliflorae",NA,NA,NA,NA,NA,NA,NA,"worms",TRUE,FALSE,FALSE,FALSE
"Phacellophora camtschatica","Scyphozoa","Phacellophoridae","Phacellophora",NA,NA,NA,NA,NA,"Animalia",NA,"Semaeostomeae",NA,NA,"Cnidaria",NA,"Phacellophora camtschatica","Discomedusae",NA,NA,NA,NA,NA,NA,NA,NA,NA,NA,"worms",TRUE,FALSE,FALSE,FALSE
"Phascolion strombus","Sipunculidea","Golfingiidae","Phascolion",NA,NA,NA,NA,NA,"Animalia",NA,"Golfingiida",NA,NA,"Sipuncula",NA,"Phascolion strombus",NA,NA,NA,NA,NA,NA,NA,NA,NA,NA,NA,"worms",FALSE,TRUE,FALSE,FALSE
"Pherusa affinis","Polychaeta","Flabelligeridae","Pherusa",NA,"Canalipalpata",NA,NA,NA,"Animalia",NA,"Terebellida",NA,NA,"Annelida",NA,"Pherusa affinis","Sedentaria",NA,NA,"Cirratuliformia",NA,NA,NA,NA,NA,NA,NA,"worms",TRUE,FALSE,FALSE,FALSE
"Phocoena phocoena","Mammalia","Phocoenidae","Phocoena",NA,NA,NA,"Cetacea","Gnathostomata","Animalia","Tetrapoda","Cetartiodactyla",NA,NA,"Chordata",NA,"Phocoena phocoena","Theria",NA,NA,"Cetancodonta","Vertebrata",NA,NA,NA,"Odontoceti",NA,NA,"worms",TRUE,FALSE,TRUE,FALSE
"Pholis gunnellus","Actinopteri","Pholidae","Pholis","Actinopterygii",NA,NA,NA,"Gnathostomata","Animalia",NA,"Perciformes",NA,"Osteichthyes","Chordata",NA,"Pholis gunnellus","Teleostei",NA,NA,NA,"Vertebrata",NA,NA,NA,NA,NA,NA,"worms",FALSE,FALSE,TRUE,TRUE
"Phycis chesteri","Actinopteri","Phycidae","Phycis","Actinopterygii",NA,NA,NA,"Gnathostomata","Animalia",NA,"Gadiformes",NA,"Osteichthyes","Chordata",NA,"Phycis chesteri","Teleostei",NA,NA,NA,"Vertebrata",NA,NA,NA,NA,NA,NA,"worms",FALSE,FALSE,TRUE,TRUE
"Phyllodoce groenlandica","Polychaeta","Phyllodocidae","Phyllodoce",NA,NA,NA,NA,NA,"Animalia",NA,"Phyllodocida",NA,NA,"Annelida",NA,"Phyllodoce groenlandica","Errantia","Phyllodocinae",NA,"Phyllodociformia",NA,NA,NA,NA,NA,NA,NA,"worms",TRUE,FALSE,FALSE,FALSE
"Pleuromamma borealis","Hexanauplia","Metridinidae","Pleuromamma",NA,"Neocopepoda",NA,NA,NA,"Animalia",NA,"Calanoida",NA,NA,"Arthropoda",NA,"Pleuromamma borealis","Copepoda",NA,NA,NA,"Crustacea",NA,NA,"Multicrustacea",NA,"Gymnoplea",NA,"worms",TRUE,FALSE,FALSE,FALSE
"Pleuronectidae","Actinopteri","Pleuronectidae",NA,"Actinopterygii",NA,NA,NA,"Gnathostomata","Animalia",NA,"Pleuronectiformes",NA,"Osteichthyes","Chordata",NA,NA,"Teleostei",NA,NA,NA,"Vertebrata",NA,NA,NA,NA,NA,NA,"worms",FALSE,FALSE,TRUE,TRUE
"Plexauridae","Anthozoa","Plexauridae",NA,NA,NA,NA,NA,NA,"Animalia",NA,"Alcyonacea",NA,NA,"Cnidaria",NA,NA,"Octocorallia",NA,NA,"Holaxonia",NA,NA,NA,NA,NA,NA,NA,"worms",TRUE,FALSE,FALSE,FALSE
"Plotocnide borealis","Hydrozoa","Boreohydridae","Plotocnide",NA,NA,NA,NA,NA,"Animalia",NA,"Anthoathecata",NA,NA,"Cnidaria",NA,"Plotocnide borealis","Hydroidolina",NA,NA,"Aplanulata",NA,NA,NA,NA,NA,NA,NA,"worms",TRUE,FALSE,FALSE,FALSE
"Pollachius virens","Actinopteri","Gadidae","Pollachius","Actinopterygii",NA,NA,NA,"Gnathostomata","Animalia",NA,"Gadiformes",NA,"Osteichthyes","Chordata",NA,"Pollachius virens","Teleostei",NA,NA,NA,"Vertebrata",NA,NA,NA,NA,NA,NA,"worms",TRUE,FALSE,TRUE,TRUE
"Polygordius jouinae","Polychaeta","Polygordiidae","Polygordius",NA,NA,NA,NA,NA,"Animalia",NA,NA,NA,NA,"Annelida",NA,"Polygordius jouinae","Polychaeta incertae sedis",NA,NA,NA,NA,NA,NA,NA,NA,NA,NA,"worms",TRUE,FALSE,FALSE,FALSE
"Polymastia bartletti","Demospongiae","Polymastiidae","Polymastia",NA,NA,NA,NA,NA,"Animalia",NA,"Polymastiida",NA,NA,"Porifera",NA,"Polymastia bartletti","Heteroscleromorpha",NA,NA,NA,NA,NA,NA,NA,NA,NA,NA,"worms",TRUE,FALSE,FALSE,FALSE
"Priapulus caudatus",NA,"Priapulidae","Priapulus",NA,NA,NA,NA,NA,"Animalia",NA,"Priapulomorpha",NA,NA,"Priapulida",NA,"Priapulus caudatus",NA,NA,NA,NA,NA,NA,NA,NA,NA,NA,NA,"worms",TRUE,TRUE,FALSE,FALSE
"Prionace glauca","Elasmobranchii","Carcharhinidae","Prionace",NA,"Selachii",NA,NA,"Gnathostomata","Animalia",NA,"Carcharhiniformes",NA,"Chondrichthyes","Chordata",NA,"Prionace glauca","Neoselachii",NA,NA,NA,"Vertebrata",NA,NA,NA,NA,"Galeomorphi",NA,"worms",FALSE,FALSE,TRUE,TRUE
"Proclea malmgreni","Polychaeta","Terebellidae","Proclea",NA,"Canalipalpata",NA,NA,NA,"Animalia",NA,"Terebellida",NA,NA,"Annelida",NA,"Proclea malmgreni","Sedentaria","Terebellinae",NA,"Terebelliformia",NA,NA,NA,NA,NA,NA,"Procleini","worms",TRUE,FALSE,FALSE,FALSE
"Protomyctophum arcticum","Actinopteri","Myctophidae","Protomyctophum","Actinopterygii",NA,NA,NA,"Gnathostomata","Animalia",NA,"Myctophiformes",NA,"Osteichthyes","Chordata",NA,"Protomyctophum arcticum","Teleostei",NA,NA,NA,"Vertebrata",NA,NA,NA,NA,NA,NA,"worms",FALSE,FALSE,TRUE,FALSE
"Protosuberites","Demospongiae","Suberitidae","Protosuberites",NA,NA,NA,NA,NA,"Animalia",NA,"Suberitida",NA,NA,"Porifera",NA,NA,"Heteroscleromorpha",NA,NA,NA,NA,NA,NA,NA,NA,NA,NA,"worms",TRUE,FALSE,FALSE,FALSE
"Protosuberites denhartogi","Demospongiae","Suberitidae","Protosuberites",NA,NA,NA,NA,NA,"Animalia",NA,"Suberitida",NA,NA,"Porifera",NA,"Protosuberites denhartogi","Heteroscleromorpha",NA,NA,NA,NA,NA,NA,NA,NA,NA,NA,"worms",TRUE,FALSE,FALSE,FALSE
"Protosuberites mereui","Demospongiae","Suberitidae","Protosuberites",NA,NA,NA,NA,NA,"Animalia",NA,"Suberitida",NA,NA,"Porifera",NA,"Protosuberites mereui","Heteroscleromorpha",NA,NA,NA,NA,NA,NA,NA,NA,NA,NA,"worms",TRUE,FALSE,FALSE,FALSE
"Pseudocalanus mimus","Hexanauplia","Clausocalanidae","Pseudocalanus",NA,"Neocopepoda",NA,NA,NA,"Animalia",NA,"Calanoida",NA,NA,"Arthropoda",NA,"Pseudocalanus mimus","Copepoda",NA,NA,NA,"Crustacea",NA,NA,"Multicrustacea",NA,"Gymnoplea",NA,"worms",TRUE,FALSE,FALSE,FALSE
"Pseudocalanus minutus","Hexanauplia","Clausocalanidae","Pseudocalanus",NA,"Neocopepoda",NA,NA,NA,"Animalia",NA,"Calanoida",NA,NA,"Arthropoda",NA,"Pseudocalanus minutus","Copepoda",NA,NA,NA,"Crustacea",NA,NA,"Multicrustacea",NA,"Gymnoplea",NA,"worms",TRUE,FALSE,FALSE,FALSE
"Pseudocalanus moultoni","Hexanauplia","Clausocalanidae","Pseudocalanus",NA,"Neocopepoda",NA,NA,NA,"Animalia",NA,"Calanoida",NA,NA,"Arthropoda",NA,"Pseudocalanus moultoni","Copepoda",NA,NA,NA,"Crustacea",NA,NA,"Multicrustacea",NA,"Gymnoplea",NA,"worms",TRUE,FALSE,FALSE,FALSE
"Pseudocalanus newmani","Hexanauplia","Clausocalanidae","Pseudocalanus",NA,"Neocopepoda",NA,NA,NA,"Animalia",NA,"Calanoida",NA,NA,"Arthropoda",NA,"Pseudocalanus newmani","Copepoda",NA,NA,NA,"Crustacea",NA,NA,"Multicrustacea",NA,"Gymnoplea",NA,"worms",TRUE,FALSE,FALSE,FALSE
"Pseudopleuronectes americanus","Actinopteri","Pleuronectidae","Pseudopleuronectes","Actinopterygii",NA,NA,NA,"Gnathostomata","Animalia",NA,"Pleuronectiformes",NA,"Osteichthyes","Chordata",NA,"Pseudopleuronectes americanus","Teleostei","Pleuronectinae",NA,NA,"Vertebrata",NA,NA,NA,NA,NA,NA,"worms",FALSE,FALSE,TRUE,FALSE
"Pseudopotamilla reniformis","Polychaeta","Sabellidae","Pseudopotamilla",NA,"Canalipalpata",NA,NA,NA,"Animalia",NA,"Sabellida",NA,NA,"Annelida",NA,"Pseudopotamilla reniformis","Sedentaria","Sabellinae",NA,NA,NA,NA,NA,NA,NA,NA,NA,"worms",TRUE,TRUE,FALSE,FALSE
"Pseudosuberites","Demospongiae","Suberitidae","Pseudosuberites",NA,NA,NA,NA,NA,"Animalia",NA,"Suberitida",NA,NA,"Porifera",NA,NA,"Heteroscleromorpha",NA,NA,NA,NA,NA,NA,NA,NA,NA,NA,"worms",TRUE,FALSE,FALSE,FALSE
"Psolus phantapus","Holothuroidea","Psolidae","Psolus",NA,NA,NA,NA,NA,"Animalia",NA,"Dendrochirotida",NA,NA,"Echinodermata",NA,"Psolus phantapus","Actinopoda",NA,NA,NA,"Echinozoa",NA,NA,NA,NA,NA,NA,"worms",TRUE,FALSE,FALSE,FALSE
"Raja radiata","Elasmobranchii","Rajidae","Raja",NA,"Batoidea",NA,NA,"Gnathostomata","Animalia",NA,"Rajiformes",NA,"Chondrichthyes","Chordata",NA,"Raja radiata","Neoselachii",NA,NA,NA,"Vertebrata",NA,NA,NA,NA,NA,NA,"worms",FALSE,FALSE,TRUE,FALSE
"Rajidae","Elasmobranchii","Rajidae",NA,NA,"Batoidea",NA,NA,"Gnathostomata","Animalia",NA,"Rajiformes",NA,"Chondrichthyes","Chordata",NA,NA,"Neoselachii",NA,NA,NA,"Vertebrata",NA,NA,NA,NA,NA,NA,"worms",TRUE,FALSE,FALSE,FALSE
"Rhizocaulus verticillatus","Hydrozoa","Campanulariidae","Rhizocaulus",NA,NA,NA,NA,NA,"Animalia",NA,"Leptothecata",NA,NA,"Cnidaria",NA,"Rhizocaulus verticillatus","Hydroidolina",NA,NA,NA,NA,NA,NA,NA,NA,NA,NA,"worms",TRUE,FALSE,FALSE,FALSE
"Sabellides octocirrata","Polychaeta","Ampharetidae","Sabellides",NA,"Canalipalpata",NA,NA,NA,"Animalia",NA,"Terebellida",NA,NA,"Annelida",NA,"Sabellides octocirrata","Sedentaria","Ampharetinae",NA,"Terebelliformia",NA,NA,NA,NA,NA,NA,"Ampharetini","worms",TRUE,FALSE,FALSE,FALSE
"Salmo salar","Actinopteri","Salmonidae","Salmo","Actinopterygii",NA,NA,NA,"Gnathostomata","Animalia",NA,"Salmoniformes",NA,"Osteichthyes","Chordata",NA,"Salmo salar","Teleostei","Salmoninae",NA,NA,"Vertebrata",NA,NA,NA,NA,NA,NA,"worms",TRUE,FALSE,TRUE,TRUE
"Scambicornus","Hexanauplia","Synapticolidae","Scambicornus",NA,"Neocopepoda",NA,NA,NA,"Animalia",NA,"Cyclopoida",NA,NA,"Arthropoda",NA,NA,"Copepoda",NA,NA,"Ergasilida","Crustacea",NA,NA,"Multicrustacea",NA,"Podoplea",NA,"worms",FALSE,TRUE,FALSE,FALSE
"Scaphander punctostriatus","Gastropoda","Scaphandridae","Scaphander",NA,"Euthyneura",NA,NA,NA,"Animalia",NA,"Cephalaspidea",NA,NA,"Mollusca",NA,"Scaphander punctostriatus","Heterobranchia",NA,NA,NA,NA,NA,"Tectipleura",NA,"Philinoidea",NA,NA,"worms",TRUE,FALSE,FALSE,FALSE
"Scoloplos","Polychaeta","Orbiniidae","Scoloplos",NA,"Scolecida",NA,NA,NA,"Animalia",NA,NA,NA,NA,"Annelida",NA,NA,"Sedentaria","Orbiniinae",NA,NA,NA,NA,NA,NA,NA,NA,NA,"worms",TRUE,FALSE,FALSE,FALSE
"Scomber scombrus","Actinopteri","Scombridae","Scomber","Actinopterygii",NA,NA,NA,"Gnathostomata","Animalia",NA,"Scombriformes",NA,"Osteichthyes","Chordata",NA,"Scomber scombrus","Teleostei","Scombrinae",NA,NA,"Vertebrata",NA,NA,NA,NA,NA,NA,"worms",TRUE,FALSE,TRUE,TRUE
"Scomberesox saurus","Actinopteri","Scomberesocidae","Scomberesox","Actinopterygii",NA,NA,NA,"Gnathostomata","Animalia",NA,"Beloniformes",NA,"Osteichthyes","Chordata",NA,"Scomberesox saurus","Teleostei",NA,NA,NA,"Vertebrata",NA,NA,NA,NA,NA,NA,"worms",FALSE,FALSE,FALSE,TRUE
"Scophthalmus aquosus","Actinopteri","Scophthalmidae","Scophthalmus","Actinopterygii",NA,NA,NA,"Gnathostomata","Animalia",NA,"Pleuronectiformes",NA,"Osteichthyes","Chordata",NA,"Scophthalmus aquosus","Teleostei",NA,NA,NA,"Vertebrata",NA,NA,NA,NA,NA,NA,"worms",FALSE,FALSE,TRUE,FALSE
"Sebastes","Actinopteri","Sebastidae","Sebastes","Actinopterygii",NA,NA,NA,"Gnathostomata","Animalia",NA,"Perciformes",NA,"Osteichthyes","Chordata",NA,NA,"Teleostei","Sebastinae",NA,NA,"Vertebrata",NA,NA,NA,NA,NA,NA,"worms",FALSE,FALSE,FALSE,TRUE
"Sebastes entomelas","Actinopteri","Sebastidae","Sebastes","Actinopterygii",NA,NA,NA,"Gnathostomata","Animalia",NA,"Perciformes",NA,"Osteichthyes","Chordata",NA,"Sebastes entomelas","Teleostei","Sebastinae",NA,NA,"Vertebrata",NA,NA,NA,NA,NA,NA,"worms",FALSE,FALSE,FALSE,TRUE
"Sebastes fasciatus","Actinopteri","Sebastidae","Sebastes","Actinopterygii",NA,NA,NA,"Gnathostomata","Animalia",NA,"Perciformes",NA,"Osteichthyes","Chordata",NA,"Sebastes fasciatus","Teleostei","Sebastinae",NA,NA,"Vertebrata",NA,NA,NA,NA,NA,NA,"worms",FALSE,FALSE,TRUE,FALSE
"Sebastes mentella","Actinopteri","Sebastidae","Sebastes","Actinopterygii",NA,NA,NA,"Gnathostomata","Animalia",NA,"Perciformes",NA,"Osteichthyes","Chordata",NA,"Sebastes mentella","Teleostei","Sebastinae",NA,NA,"Vertebrata",NA,NA,NA,NA,NA,NA,"worms",FALSE,FALSE,TRUE,FALSE
"Smittia","Insecta","Chironomidae","Smittia",NA,NA,NA,"Culicomorpha",NA,"Animalia",NA,"Diptera",NA,NA,"Arthropoda",NA,NA,"Pterygota","Orthocladiinae",NA,"Nematocera","Hexapoda",NA,NA,NA,NA,NA,NA,"worms",TRUE,FALSE,FALSE,FALSE
"Solaster dawsoni","Asteroidea","Solasteridae","Solaster",NA,NA,NA,NA,NA,"Animalia",NA,"Valvatida",NA,NA,"Echinodermata",NA,"Solaster dawsoni",NA,NA,NA,NA,"Asterozoa",NA,NA,NA,NA,"Valvatacea",NA,"worms",FALSE,FALSE,TRUE,FALSE
"Solaster endeca","Asteroidea","Solasteridae","Solaster",NA,NA,NA,NA,NA,"Animalia",NA,"Valvatida",NA,NA,"Echinodermata",NA,"Solaster endeca",NA,NA,NA,NA,"Asterozoa",NA,NA,NA,NA,"Valvatacea",NA,"worms",TRUE,FALSE,FALSE,FALSE
"Spionidae","Polychaeta","Spionidae",NA,NA,"Canalipalpata",NA,NA,NA,"Animalia",NA,"Spionida",NA,NA,"Annelida",NA,NA,"Sedentaria",NA,NA,"Spioniformia",NA,NA,NA,NA,NA,NA,NA,"worms",TRUE,FALSE,FALSE,FALSE
"Spiophanes kroyeri","Polychaeta","Spionidae","Spiophanes",NA,"Canalipalpata",NA,NA,NA,"Animalia",NA,"Spionida",NA,NA,"Annelida",NA,"Spiophanes kroyeri","Sedentaria",NA,NA,"Spioniformia",NA,NA,NA,NA,NA,NA,NA,"worms",TRUE,FALSE,FALSE,FALSE
"Squalus acanthias","Elasmobranchii","Squalidae","Squalus",NA,"Selachii",NA,NA,"Gnathostomata","Animalia",NA,"Squaliformes",NA,"Chondrichthyes","Chordata",NA,"Squalus acanthias","Neoselachii",NA,NA,NA,"Vertebrata",NA,NA,NA,NA,"Squalomorphi",NA,"worms",TRUE,FALSE,TRUE,TRUE
"Stenella coeruleoalba","Mammalia","Delphinidae","Stenella",NA,NA,NA,"Cetacea","Gnathostomata","Animalia","Tetrapoda","Cetartiodactyla",NA,NA,"Chordata",NA,"Stenella coeruleoalba","Theria",NA,NA,"Cetancodonta","Vertebrata",NA,NA,NA,"Odontoceti",NA,NA,"worms",TRUE,FALSE,FALSE,FALSE
"Stephanasterias albula","Asteroidea","Asteriidae","Stephanasterias",NA,NA,NA,NA,NA,"Animalia",NA,"Forcipulatida",NA,NA,"Echinodermata",NA,"Stephanasterias albula",NA,NA,NA,NA,"Asterozoa",NA,NA,NA,NA,"Forcipulatacea",NA,"worms",TRUE,FALSE,FALSE,FALSE
"Stereobalanus canadensis","Enteropneusta","Harrimaniidae","Stereobalanus",NA,NA,NA,NA,NA,"Animalia",NA,"[unassigned] Enteropneusta",NA,NA,"Hemichordata",NA,"Stereobalanus canadensis",NA,NA,NA,NA,NA,NA,NA,NA,NA,NA,NA,"worms",TRUE,FALSE,FALSE,FALSE
"Sternaspis scutata","Polychaeta","Sternaspidae","Sternaspis",NA,"Canalipalpata",NA,NA,NA,"Animalia",NA,"Terebellida",NA,NA,"Annelida",NA,"Sternaspis scutata","Sedentaria",NA,NA,"Cirratuliformia",NA,NA,NA,NA,NA,NA,NA,"worms",TRUE,FALSE,FALSE,FALSE
"Streblosoma","Polychaeta","Terebellidae","Streblosoma",NA,"Canalipalpata",NA,NA,NA,"Animalia",NA,"Terebellida",NA,NA,"Annelida",NA,NA,"Sedentaria","Thelepodinae",NA,"Terebelliformia",NA,NA,NA,NA,NA,NA,NA,"worms",FALSE,TRUE,FALSE,FALSE
"Strongylocentrotus","Echinoidea","Strongylocentrotidae","Strongylocentrotus",NA,"Carinacea",NA,"Echinidea",NA,"Animalia",NA,"Camarodonta",NA,NA,"Echinodermata",NA,NA,"Euechinoidea",NA,NA,NA,"Echinozoa",NA,NA,NA,"Odontophora","Echinacea",NA,"worms",TRUE,FALSE,FALSE,FALSE
"Strongylocentrotus droebachiensis","Echinoidea","Strongylocentrotidae","Strongylocentrotus",NA,"Carinacea",NA,"Echinidea",NA,"Animalia",NA,"Camarodonta",NA,NA,"Echinodermata",NA,"Strongylocentrotus droebachiensis","Euechinoidea",NA,NA,NA,"Echinozoa",NA,NA,NA,"Odontophora","Echinacea",NA,"worms",TRUE,FALSE,FALSE,FALSE
"Suberites","Demospongiae","Suberitidae","Suberites",NA,NA,NA,NA,NA,"Animalia",NA,"Suberitida",NA,NA,"Porifera",NA,NA,"Heteroscleromorpha",NA,NA,NA,NA,NA,NA,NA,NA,NA,NA,"worms",TRUE,FALSE,FALSE,FALSE
"Suberites ficus","Demospongiae","Suberitidae","Suberites",NA,NA,NA,NA,NA,"Animalia",NA,"Suberitida",NA,NA,"Porifera",NA,"Suberites ficus","Heteroscleromorpha",NA,NA,NA,NA,NA,NA,NA,NA,NA,NA,"worms",TRUE,FALSE,FALSE,FALSE
"Tautogolabrus adspersus","Actinopteri","Labridae","Tautogolabrus","Actinopterygii",NA,NA,NA,"Gnathostomata","Animalia",NA,"Eupercaria incertae sedis",NA,"Osteichthyes","Chordata",NA,"Tautogolabrus adspersus","Teleostei",NA,NA,NA,"Vertebrata",NA,NA,NA,NA,NA,NA,"worms",FALSE,FALSE,TRUE,TRUE
"Tedania","Demospongiae","Tedaniidae","Tedania",NA,NA,NA,NA,NA,"Animalia",NA,"Poecilosclerida",NA,NA,"Porifera",NA,NA,"Heteroscleromorpha",NA,NA,NA,NA,NA,NA,NA,NA,NA,NA,"worms",TRUE,FALSE,FALSE,FALSE
"Temora longicornis","Hexanauplia","Temoridae","Temora",NA,"Neocopepoda",NA,NA,NA,"Animalia",NA,"Calanoida",NA,NA,"Arthropoda",NA,"Temora longicornis","Copepoda",NA,NA,NA,"Crustacea",NA,NA,"Multicrustacea",NA,"Gymnoplea",NA,"worms",TRUE,FALSE,FALSE,FALSE
"Terebellidae","Polychaeta","Terebellidae",NA,NA,"Canalipalpata",NA,NA,NA,"Animalia",NA,"Terebellida",NA,NA,"Annelida",NA,NA,"Sedentaria",NA,NA,"Terebelliformia",NA,NA,NA,NA,NA,NA,NA,"worms",TRUE,FALSE,FALSE,FALSE
"Terebellides","Polychaeta","Trichobranchidae","Terebellides",NA,"Canalipalpata",NA,NA,NA,"Animalia",NA,"Terebellida",NA,NA,"Annelida",NA,NA,"Sedentaria",NA,NA,"Terebelliformia",NA,NA,NA,NA,NA,NA,NA,"worms",TRUE,FALSE,FALSE,FALSE
"Terebellides californica","Polychaeta","Trichobranchidae","Terebellides",NA,"Canalipalpata",NA,NA,NA,"Animalia",NA,"Terebellida",NA,NA,"Annelida",NA,"Terebellides californica","Sedentaria",NA,NA,"Terebelliformia",NA,NA,NA,NA,NA,NA,NA,"worms",FALSE,TRUE,FALSE,FALSE
"Terebellides gracilis","Polychaeta","Trichobranchidae","Terebellides",NA,"Canalipalpata",NA,NA,NA,"Animalia",NA,"Terebellida",NA,NA,"Annelida",NA,"Terebellides gracilis","Sedentaria",NA,NA,"Terebelliformia",NA,NA,NA,NA,NA,NA,NA,"worms",TRUE,FALSE,FALSE,FALSE
"Terebellides stroemii","Polychaeta","Trichobranchidae","Terebellides",NA,"Canalipalpata",NA,NA,NA,"Animalia",NA,"Terebellida",NA,NA,"Annelida",NA,"Terebellides stroemii","Sedentaria",NA,NA,"Terebelliformia",NA,NA,NA,NA,NA,NA,NA,"worms",TRUE,TRUE,FALSE,FALSE
"Terebellides williamsae","Polychaeta","Trichobranchidae","Terebellides",NA,"Canalipalpata",NA,NA,NA,"Animalia",NA,"Terebellida",NA,NA,"Annelida",NA,"Terebellides williamsae","Sedentaria",NA,NA,"Terebelliformia",NA,NA,NA,NA,NA,NA,NA,"worms",TRUE,FALSE,FALSE,FALSE
"Thalia democratica","Thaliacea","Salpidae","Thalia",NA,NA,NA,NA,NA,"Animalia",NA,"Salpida",NA,NA,"Chordata",NA,"Thalia democratica",NA,"Salpinae",NA,NA,"Tunicata",NA,NA,NA,NA,NA,NA,"worms",FALSE,TRUE,FALSE,FALSE
"Thelepus cincinnatus","Polychaeta","Terebellidae","Thelepus",NA,"Canalipalpata",NA,NA,NA,"Animalia",NA,"Terebellida",NA,NA,"Annelida",NA,"Thelepus cincinnatus","Sedentaria","Thelepodinae",NA,"Terebelliformia",NA,NA,NA,NA,NA,NA,NA,"worms",TRUE,FALSE,FALSE,FALSE
"Thunnus","Actinopteri","Scombridae","Thunnus","Actinopterygii",NA,NA,NA,"Gnathostomata","Animalia",NA,"Scombriformes",NA,"Osteichthyes","Chordata",NA,NA,"Teleostei","Scombrinae",NA,NA,"Vertebrata",NA,NA,NA,NA,NA,NA,"worms",FALSE,FALSE,FALSE,TRUE
"Thunnus thynnus","Actinopteri","Scombridae","Thunnus","Actinopterygii",NA,NA,NA,"Gnathostomata","Animalia",NA,"Scombriformes",NA,"Osteichthyes","Chordata",NA,"Thunnus thynnus","Teleostei","Scombrinae",NA,NA,"Vertebrata",NA,NA,NA,NA,NA,NA,"worms",TRUE,FALSE,TRUE,FALSE
"Thysanoessa","Malacostraca","Euphausiidae","Thysanoessa",NA,NA,NA,NA,NA,"Animalia",NA,"Euphausiacea",NA,NA,"Arthropoda",NA,NA,"Eumalacostraca",NA,NA,NA,"Crustacea",NA,NA,"Multicrustacea",NA,"Eucarida",NA,"worms",TRUE,FALSE,FALSE,FALSE
"Thysanoessa longicaudata","Malacostraca","Euphausiidae","Thysanoessa",NA,NA,NA,NA,NA,"Animalia",NA,"Euphausiacea",NA,NA,"Arthropoda",NA,"Thysanoessa longicaudata","Eumalacostraca",NA,NA,NA,"Crustacea",NA,NA,"Multicrustacea",NA,"Eucarida",NA,"worms",TRUE,FALSE,FALSE,FALSE
"Thysanoessa raschii","Malacostraca","Euphausiidae","Thysanoessa",NA,NA,NA,NA,NA,"Animalia",NA,"Euphausiacea",NA,NA,"Arthropoda",NA,"Thysanoessa raschii","Eumalacostraca",NA,NA,NA,"Crustacea",NA,NA,"Multicrustacea",NA,"Eucarida",NA,"worms",TRUE,FALSE,FALSE,FALSE
"Tiaropsis multicirrata","Hydrozoa","Tiaropsidae","Tiaropsis",NA,NA,NA,NA,NA,"Animalia",NA,"Leptothecata",NA,NA,"Cnidaria",NA,"Tiaropsis multicirrata","Hydroidolina",NA,NA,NA,NA,NA,NA,NA,NA,NA,NA,"worms",TRUE,FALSE,FALSE,FALSE
"Tomopteris","Polychaeta","Tomopteridae","Tomopteris",NA,NA,NA,NA,NA,"Animalia",NA,"Phyllodocida",NA,NA,"Annelida",NA,NA,"Errantia",NA,NA,"Phyllodocida incertae sedis",NA,NA,NA,NA,NA,NA,NA,"worms",FALSE,TRUE,FALSE,FALSE
"Triglops murrayi","Actinopteri","Cottidae","Triglops","Actinopterygii",NA,NA,NA,"Gnathostomata","Animalia",NA,"Perciformes",NA,"Osteichthyes","Chordata",NA,"Triglops murrayi","Teleostei",NA,NA,NA,"Vertebrata",NA,NA,NA,NA,NA,NA,"worms",FALSE,FALSE,FALSE,TRUE
"Triticella pedicellata","Gymnolaemata","Triticellidae","Triticella",NA,NA,NA,NA,NA,"Animalia",NA,"Ctenostomatida",NA,NA,"Bryozoa",NA,"Triticella pedicellata",NA,NA,NA,"Stoloniferina",NA,NA,NA,NA,"Triticelloidea",NA,NA,"worms",TRUE,FALSE,FALSE,FALSE
"Tubularia indivisa","Hydrozoa","Tubulariidae","Tubularia",NA,NA,NA,NA,NA,"Animalia",NA,"Anthoathecata",NA,NA,"Cnidaria",NA,"Tubularia indivisa","Hydroidolina",NA,NA,"Aplanulata",NA,NA,NA,NA,NA,NA,NA,"worms",TRUE,FALSE,FALSE,FALSE
"Tursiops truncatus","Mammalia","Delphinidae","Tursiops",NA,NA,NA,"Cetacea","Gnathostomata","Animalia","Tetrapoda","Cetartiodactyla",NA,NA,"Chordata",NA,"Tursiops truncatus","Theria",NA,NA,"Cetancodonta","Vertebrata",NA,NA,NA,"Odontoceti",NA,NA,"worms",FALSE,FALSE,TRUE,FALSE
"Urophycis chuss","Actinopteri","Phycidae","Urophycis","Actinopterygii",NA,NA,NA,"Gnathostomata","Animalia",NA,"Gadiformes",NA,"Osteichthyes","Chordata",NA,"Urophycis chuss","Teleostei",NA,NA,NA,"Vertebrata",NA,NA,NA,NA,NA,NA,"worms",TRUE,FALSE,TRUE,TRUE
"Urophycis tenuis","Actinopteri","Phycidae","Urophycis","Actinopterygii",NA,NA,NA,"Gnathostomata","Animalia",NA,"Gadiformes",NA,"Osteichthyes","Chordata",NA,"Urophycis tenuis","Teleostei",NA,NA,NA,"Vertebrata",NA,NA,NA,NA,NA,NA,"worms",TRUE,FALSE,TRUE,TRUE
"Yoldiella frigida","Bivalvia","Yoldiidae","Yoldiella",NA,NA,NA,NA,NA,"Animalia",NA,"Nuculanida",NA,NA,"Mollusca",NA,"Yoldiella frigida","Protobranchia",NA,NA,NA,NA,NA,NA,NA,"Nuculanoidea",NA,NA,"worms",TRUE,FALSE,FALSE,FALSE
"Ziminella salmonacea","Gastropoda","Paracoryphellidae","Ziminella",NA,"Euthyneura",NA,NA,NA,"Animalia",NA,"Nudibranchia",NA,NA,"Mollusca",NA,"Ziminella salmonacea","Heterobranchia",NA,NA,"Cladobranchia",NA,NA,"Ringipleura",NA,"Fionoidea","Nudipleura",NA,"worms",TRUE,FALSE,FALSE,FALSE
"Zoarces americanus","Actinopteri","Zoarcidae","Zoarces","Actinopterygii",NA,NA,NA,"Gnathostomata","Animalia",NA,"Perciformes",NA,"Osteichthyes","Chordata",NA,"Zoarces americanus","Teleostei","Zoarcinae",NA,NA,"Vertebrata",NA,NA,NA,NA,NA,NA,"worms",TRUE,FALSE,TRUE,TRUE
