"","Taxa","eDNA_16S","verts_wgt"
"1","Alosa_pseudoharengus",0,0
"2","Amblyraja_radiata",0,0
"3","Argentina_silus",0,0
"4","Benthosema_glaciale",0,0
"5","Centroscyllium_fabricii",0,0
"6","Citharichthys_arctifrons",0,0
"7","Clupea_harengus",0,0
"8","Enchelyopus_cimbrius",0,0
"9","Glyptocephalus_cynoglossus",0,0
"10","Helicolenus_dactylopterus",0,0.046
"11","Hippoglossus_hippoglossus",3103,0
"12","Leptoclinus_maculatus",0,0
"13","Leucoraja_erinacea",0,0
"14","Lophius_americanus",0,0
"15","Lumpenus_lampretaeformis",0,0
"16","Melanogrammus_aeglefinus",0,16.165
"17","Merluccius_albidus",0,0
"18","Merluccius_bilinearis",2867,0
"19","Myoxocephalus_octodecemspinosus",0,0
"20","Notoscopelus_elongatus",0,0
"21","Phycis_chesteri",0,0
"22","Pollachius_virens",6753,35.08
"23","Scomber_scombrus",0,10.88
"24","Sebastes",0,0
"25","Squalus_acanthias",0,22.96
"26","Tautogolabrus_adspersus",0,0
"27","Triglops_murrayi",0,0
"28","Urophycis_chuss",0,0
"29","Urophycis_tenuis",0,0
"30","Zoarces_americanus",0,1.222
"31","Alosa_pseudoharengus",0,0
"32","Amblyraja_radiata",0,1.958806818
"33","Argentina_silus",0,0.39375
"34","Benthosema_glaciale",0,0
"35","Centroscyllium_fabricii",0,0
"36","Citharichthys_arctifrons",0,0
"37","Clupea_harengus",0,0
"38","Enchelyopus_cimbrius",0,0
"39","Glyptocephalus_cynoglossus",0,0
"40","Helicolenus_dactylopterus",0,0.081534091
"41","Hippoglossus_hippoglossus",0,0
"42","Leptoclinus_maculatus",0,0
"43","Leucoraja_erinacea",0,0
"44","Lophius_americanus",0,0
"45","Lumpenus_lampretaeformis",0,0
"46","Melanogrammus_aeglefinus",0,3.221590909
"47","Merluccius_albidus",0,0
"48","Merluccius_bilinearis",1466,0
"49","Myoxocephalus_octodecemspinosus",0,0
"50","Notoscopelus_elongatus",0,0
"51","Phycis_chesteri",0,0
"52","Pollachius_virens",0,18.18607955
"53","Scomber_scombrus",0,1.561079545
"54","Sebastes",0,0.008948864
"55","Squalus_acanthias",0,0
"56","Tautogolabrus_adspersus",0,0
"57","Triglops_murrayi",0,0
"58","Urophycis_chuss",0,0
"59","Urophycis_tenuis",0,0
"60","Zoarces_americanus",0,0
"61","Alosa_pseudoharengus",0,0
"62","Amblyraja_radiata",0,0
"63","Argentina_silus",0,0.059
"64","Benthosema_glaciale",0,0
"65","Centroscyllium_fabricii",0,0
"66","Citharichthys_arctifrons",0,0
"67","Clupea_harengus",0,0.89
"68","Enchelyopus_cimbrius",0,0
"69","Glyptocephalus_cynoglossus",0,0
"70","Helicolenus_dactylopterus",0,0
"71","Hippoglossus_hippoglossus",0,3.36
"72","Leptoclinus_maculatus",0,0
"73","Leucoraja_erinacea",0,9.18
"74","Lophius_americanus",0,0
"75","Lumpenus_lampretaeformis",0,0
"76","Melanogrammus_aeglefinus",3249,26.848
"77","Merluccius_albidus",0,0
"78","Merluccius_bilinearis",0,7.16
"79","Myoxocephalus_octodecemspinosus",8754,3.552
"80","Notoscopelus_elongatus",0,0
"81","Phycis_chesteri",0,0
"82","Pollachius_virens",0,0.798
"83","Scomber_scombrus",0,0
"84","Sebastes",0,0
"85","Squalus_acanthias",0,0
"86","Tautogolabrus_adspersus",0,0
"87","Triglops_murrayi",0,0
"88","Urophycis_chuss",9803,4.81
"89","Urophycis_tenuis",0,0
"90","Zoarces_americanus",0,0.061
"91","Alosa_pseudoharengus",0,0
"92","Amblyraja_radiata",0,0
"93","Argentina_silus",0,0
"94","Benthosema_glaciale",0,0
"95","Centroscyllium_fabricii",0,0
"96","Citharichthys_arctifrons",0,0
"97","Clupea_harengus",8886,44.24281609
"98","Enchelyopus_cimbrius",0,0
"99","Glyptocephalus_cynoglossus",0,0
"100","Helicolenus_dactylopterus",0,0
"101","Hippoglossus_hippoglossus",0,0.225287356
"102","Leptoclinus_maculatus",0,0
"103","Leucoraja_erinacea",0,0
"104","Lophius_americanus",0,0
"105","Lumpenus_lampretaeformis",0,0
"106","Melanogrammus_aeglefinus",3965,22.21091954
"107","Merluccius_albidus",0,0
"108","Merluccius_bilinearis",0,0
"109","Myoxocephalus_octodecemspinosus",0,1.216954023
"110","Notoscopelus_elongatus",0,0
"111","Phycis_chesteri",0,0
"112","Pollachius_virens",0,0
"113","Scomber_scombrus",0,0
"114","Sebastes",2126,0
"115","Squalus_acanthias",0,0
"116","Tautogolabrus_adspersus",0,0
"117","Triglops_murrayi",0,0
"118","Urophycis_chuss",0,0
"119","Urophycis_tenuis",0,0
"120","Zoarces_americanus",0,0
"121","Alosa_pseudoharengus",0,0
"122","Amblyraja_radiata",0,0
"123","Argentina_silus",0,0
"124","Benthosema_glaciale",0,0
"125","Centroscyllium_fabricii",0,0
"126","Citharichthys_arctifrons",0,0
"127","Clupea_harengus",4436,1.938920455
"128","Enchelyopus_cimbrius",0,0
"129","Glyptocephalus_cynoglossus",0,0
"130","Helicolenus_dactylopterus",0,0
"131","Hippoglossus_hippoglossus",0,0
"132","Leptoclinus_maculatus",0,0
"133","Leucoraja_erinacea",0,0
"134","Lophius_americanus",0,0
"135","Lumpenus_lampretaeformis",0,0
"136","Melanogrammus_aeglefinus",0,0.006960227
"137","Merluccius_albidus",0,0
"138","Merluccius_bilinearis",0,0
"139","Myoxocephalus_octodecemspinosus",0,0
"140","Notoscopelus_elongatus",0,0
"141","Phycis_chesteri",0,0
"142","Pollachius_virens",0,0
"143","Scomber_scombrus",0,0
"144","Sebastes",0,0
"145","Squalus_acanthias",0,0
"146","Tautogolabrus_adspersus",0,0
"147","Triglops_murrayi",0,0
"148","Urophycis_chuss",0,0
"149","Urophycis_tenuis",0,0
"150","Zoarces_americanus",0,0
"151","Alosa_pseudoharengus",0,0
"152","Amblyraja_radiata",0,0
"153","Argentina_silus",0,0
"154","Benthosema_glaciale",0,0
"155","Centroscyllium_fabricii",0,0
"156","Citharichthys_arctifrons",0,0
"157","Clupea_harengus",0,1.15
"158","Enchelyopus_cimbrius",0,0.15
"159","Glyptocephalus_cynoglossus",5056,0.62
"160","Helicolenus_dactylopterus",0,0
"161","Hippoglossus_hippoglossus",0,0
"162","Leptoclinus_maculatus",0,0
"163","Leucoraja_erinacea",0,0
"164","Lophius_americanus",0,0
"165","Lumpenus_lampretaeformis",0,0
"166","Melanogrammus_aeglefinus",0,0
"167","Merluccius_albidus",0,0
"168","Merluccius_bilinearis",7147,6.25
"169","Myoxocephalus_octodecemspinosus",0,0
"170","Notoscopelus_elongatus",0,0
"171","Phycis_chesteri",0,0
"172","Pollachius_virens",0,0
"173","Scomber_scombrus",0,0
"174","Sebastes",0,0
"175","Squalus_acanthias",0,0
"176","Tautogolabrus_adspersus",0,0
"177","Triglops_murrayi",0,0
"178","Urophycis_chuss",0,0
"179","Urophycis_tenuis",0,1.01
"180","Zoarces_americanus",0,0
"181","Alosa_pseudoharengus",0,0
"182","Amblyraja_radiata",0,0
"183","Argentina_silus",0,0
"184","Benthosema_glaciale",0,0
"185","Centroscyllium_fabricii",0,0
"186","Citharichthys_arctifrons",0,0
"187","Clupea_harengus",0,2.24566474
"188","Enchelyopus_cimbrius",22531,0.068786127
"189","Glyptocephalus_cynoglossus",0,0.414739884
"190","Helicolenus_dactylopterus",0,0
"191","Hippoglossus_hippoglossus",0,0
"192","Leptoclinus_maculatus",0,0
"193","Leucoraja_erinacea",0,0
"194","Lophius_americanus",0,0
"195","Lumpenus_lampretaeformis",14952,0.075867052
"196","Melanogrammus_aeglefinus",0,0
"197","Merluccius_albidus",0,0
"198","Merluccius_bilinearis",0,0.194219653
"199","Myoxocephalus_octodecemspinosus",0,0
"200","Notoscopelus_elongatus",0,0
"201","Phycis_chesteri",0,0
"202","Pollachius_virens",0,0
"203","Scomber_scombrus",11756,0
"204","Sebastes",0,4.319364162
"205","Squalus_acanthias",0,0
"206","Tautogolabrus_adspersus",0,0
"207","Triglops_murrayi",0,0
"208","Urophycis_chuss",0,0
"209","Urophycis_tenuis",0,0
"210","Zoarces_americanus",0,0
"211","Alosa_pseudoharengus",0,0
"212","Amblyraja_radiata",0,0
"213","Argentina_silus",0,0
"214","Benthosema_glaciale",0,0
"215","Centroscyllium_fabricii",0,0
"216","Citharichthys_arctifrons",0,0
"217","Clupea_harengus",0,0
"218","Enchelyopus_cimbrius",0,0
"219","Glyptocephalus_cynoglossus",0,0
"220","Helicolenus_dactylopterus",0,0
"221","Hippoglossus_hippoglossus",0,0
"222","Leptoclinus_maculatus",0,0.022383721
"223","Leucoraja_erinacea",0,0
"224","Lophius_americanus",0,0
"225","Lumpenus_lampretaeformis",0,0
"226","Melanogrammus_aeglefinus",0,0
"227","Merluccius_albidus",0,0
"228","Merluccius_bilinearis",0,0
"229","Myoxocephalus_octodecemspinosus",0,0.225872093
"230","Notoscopelus_elongatus",0,0
"231","Phycis_chesteri",0,0
"232","Pollachius_virens",0,0
"233","Scomber_scombrus",0,0
"234","Sebastes",0,0
"235","Squalus_acanthias",0,0
"236","Tautogolabrus_adspersus",0,0
"237","Triglops_murrayi",0,0.179069767
"238","Urophycis_chuss",0,0
"239","Urophycis_tenuis",0,0
"240","Zoarces_americanus",0,0
"241","Alosa_pseudoharengus",0,0
"242","Amblyraja_radiata",0,0
"243","Argentina_silus",0,0
"244","Benthosema_glaciale",0,0
"245","Centroscyllium_fabricii",0,0
"246","Citharichthys_arctifrons",0,0
"247","Clupea_harengus",608,4.325284091
"248","Enchelyopus_cimbrius",0,0
"249","Glyptocephalus_cynoglossus",12224,0
"250","Helicolenus_dactylopterus",0,0
"251","Hippoglossus_hippoglossus",0,59.65909091
"252","Leptoclinus_maculatus",0,0.171022727
"253","Leucoraja_erinacea",0,0
"254","Lophius_americanus",0,0
"255","Lumpenus_lampretaeformis",35255,0.201846591
"256","Melanogrammus_aeglefinus",0,0
"257","Merluccius_albidus",0,0
"258","Merluccius_bilinearis",0,0
"259","Myoxocephalus_octodecemspinosus",0,0.114346591
"260","Notoscopelus_elongatus",0,0
"261","Phycis_chesteri",0,0
"262","Pollachius_virens",0,0
"263","Scomber_scombrus",0,0
"264","Sebastes",26605,0.050710227
"265","Squalus_acanthias",0,0
"266","Tautogolabrus_adspersus",0,0
"267","Triglops_murrayi",0,0.009943182
"268","Urophycis_chuss",0,0
"269","Urophycis_tenuis",0,0
"270","Zoarces_americanus",0,0
"271","Alosa_pseudoharengus",0,0
"272","Amblyraja_radiata",0,0
"273","Argentina_silus",0,0
"274","Benthosema_glaciale",0,0
"275","Centroscyllium_fabricii",0,0
"276","Citharichthys_arctifrons",0,0
"277","Clupea_harengus",0,0.491193182
"278","Enchelyopus_cimbrius",0,0
"279","Glyptocephalus_cynoglossus",0,0
"280","Helicolenus_dactylopterus",0,0
"281","Hippoglossus_hippoglossus",0,0
"282","Leptoclinus_maculatus",12366,0.031818182
"283","Leucoraja_erinacea",0,0
"284","Lophius_americanus",0,0
"285","Lumpenus_lampretaeformis",7454,0.316193182
"286","Melanogrammus_aeglefinus",0,0
"287","Merluccius_albidus",0,0
"288","Merluccius_bilinearis",0,0.181960227
"289","Myoxocephalus_octodecemspinosus",0,0
"290","Notoscopelus_elongatus",0,0
"291","Phycis_chesteri",0,0
"292","Pollachius_virens",0,0
"293","Scomber_scombrus",0,0
"294","Sebastes",0,0
"295","Squalus_acanthias",0,0
"296","Tautogolabrus_adspersus",0,0
"297","Triglops_murrayi",0,0
"298","Urophycis_chuss",0,0
"299","Urophycis_tenuis",0,0
"300","Zoarces_americanus",0,0
"301","Alosa_pseudoharengus",0,0
"302","Amblyraja_radiata",0,0
"303","Argentina_silus",0,0
"304","Benthosema_glaciale",4744,0
"305","Centroscyllium_fabricii",790,0.24841954
"306","Citharichthys_arctifrons",0,0
"307","Clupea_harengus",0,0
"308","Enchelyopus_cimbrius",0,0
"309","Glyptocephalus_cynoglossus",959,0.422413793
"310","Helicolenus_dactylopterus",0,0
"311","Hippoglossus_hippoglossus",0,0
"312","Leptoclinus_maculatus",0,0
"313","Leucoraja_erinacea",0,0
"314","Lophius_americanus",0,0
"315","Lumpenus_lampretaeformis",0,0
"316","Melanogrammus_aeglefinus",0,0
"317","Merluccius_albidus",0,0
"318","Merluccius_bilinearis",34,1.06408046
"319","Myoxocephalus_octodecemspinosus",0,0
"320","Notoscopelus_elongatus",0,0.032183908
"321","Phycis_chesteri",2634,0.414367816
"322","Pollachius_virens",0,5.481321839
"323","Scomber_scombrus",0,0
"324","Sebastes",35437,953.8908046
"325","Squalus_acanthias",0,0
"326","Tautogolabrus_adspersus",0,0
"327","Triglops_murrayi",0,0
"328","Urophycis_chuss",0,0
"329","Urophycis_tenuis",0,3.882183908
"330","Zoarces_americanus",0,0
"331","Alosa_pseudoharengus",0,0
"332","Amblyraja_radiata",0,1.111403509
"333","Argentina_silus",0,0
"334","Benthosema_glaciale",0,0
"335","Centroscyllium_fabricii",0,0
"336","Citharichthys_arctifrons",0,0
"337","Clupea_harengus",0,42.31725146
"338","Enchelyopus_cimbrius",14422,0.044005848
"339","Glyptocephalus_cynoglossus",11061,2.302631579
"340","Helicolenus_dactylopterus",0,0
"341","Hippoglossus_hippoglossus",0,9.425438596
"342","Leptoclinus_maculatus",0,0
"343","Leucoraja_erinacea",0,0
"344","Lophius_americanus",0,0
"345","Lumpenus_lampretaeformis",0,0
"346","Melanogrammus_aeglefinus",0,0
"347","Merluccius_albidus",0,0
"348","Merluccius_bilinearis",12982,0.523976608
"349","Myoxocephalus_octodecemspinosus",0,0
"350","Notoscopelus_elongatus",0,0
"351","Phycis_chesteri",0,0
"352","Pollachius_virens",0,0
"353","Scomber_scombrus",49373,0.018421053
"354","Sebastes",24573,69.91812865
"355","Squalus_acanthias",0,0
"356","Tautogolabrus_adspersus",0,0
"357","Triglops_murrayi",0,0
"358","Urophycis_chuss",0,0
"359","Urophycis_tenuis",0,4.144736842
"360","Zoarces_americanus",0,0
"361","Alosa_pseudoharengus",0,0
"362","Amblyraja_radiata",0,0.014914773
"363","Argentina_silus",0,0
"364","Benthosema_glaciale",25323,0
"365","Centroscyllium_fabricii",0,0
"366","Citharichthys_arctifrons",0,0
"367","Clupea_harengus",0,0
"368","Enchelyopus_cimbrius",860,0
"369","Glyptocephalus_cynoglossus",0,3.572585227
"370","Helicolenus_dactylopterus",0,0
"371","Hippoglossus_hippoglossus",0,0
"372","Leptoclinus_maculatus",0,0
"373","Leucoraja_erinacea",0,0
"374","Lophius_americanus",3651,0
"375","Lumpenus_lampretaeformis",0,0
"376","Melanogrammus_aeglefinus",0,0
"377","Merluccius_albidus",0,0
"378","Merluccius_bilinearis",0,0
"379","Myoxocephalus_octodecemspinosus",0,0
"380","Notoscopelus_elongatus",0,0
"381","Phycis_chesteri",0,0.0328125
"382","Pollachius_virens",0,0
"383","Scomber_scombrus",0,0
"384","Sebastes",607965,22.89914773
"385","Squalus_acanthias",0,0
"386","Tautogolabrus_adspersus",0,0
"387","Triglops_murrayi",0,0
"388","Urophycis_chuss",0,0
"389","Urophycis_tenuis",0,0
"390","Zoarces_americanus",0,0
"391","Alosa_pseudoharengus",0,0
"392","Amblyraja_radiata",0,0
"393","Argentina_silus",0,0
"394","Benthosema_glaciale",0,0
"395","Centroscyllium_fabricii",0,0
"396","Citharichthys_arctifrons",0,0
"397","Clupea_harengus",0,3.067528736
"398","Enchelyopus_cimbrius",0,0.049281609
"399","Glyptocephalus_cynoglossus",20313,88.60632184
"400","Helicolenus_dactylopterus",0,0
"401","Hippoglossus_hippoglossus",8143,4.364942529
"402","Leptoclinus_maculatus",0,0
"403","Leucoraja_erinacea",0,0
"404","Lophius_americanus",0,0
"405","Lumpenus_lampretaeformis",0,0
"406","Melanogrammus_aeglefinus",0,0
"407","Merluccius_albidus",0,0
"408","Merluccius_bilinearis",0,1.015804598
"409","Myoxocephalus_octodecemspinosus",0,0
"410","Notoscopelus_elongatus",0,0
"411","Phycis_chesteri",0,0
"412","Pollachius_virens",0,0
"413","Scomber_scombrus",0,0
"414","Sebastes",6300,8.900862069
"415","Squalus_acanthias",0,0
"416","Tautogolabrus_adspersus",0,0
"417","Triglops_murrayi",0,0
"418","Urophycis_chuss",0,0
"419","Urophycis_tenuis",0,1.005747126
"420","Zoarces_americanus",0,0
"421","Alosa_pseudoharengus",0,0
"422","Amblyraja_radiata",0,0
"423","Argentina_silus",0,0
"424","Benthosema_glaciale",0,0
"425","Centroscyllium_fabricii",0,0
"426","Citharichthys_arctifrons",0,0
"427","Clupea_harengus",0,25.06538462
"428","Enchelyopus_cimbrius",0,0
"429","Glyptocephalus_cynoglossus",11413,9.180769231
"430","Helicolenus_dactylopterus",0,0
"431","Hippoglossus_hippoglossus",0,0
"432","Leptoclinus_maculatus",0,0
"433","Leucoraja_erinacea",0,0
"434","Lophius_americanus",0,0
"435","Lumpenus_lampretaeformis",0,0
"436","Melanogrammus_aeglefinus",0,4.401923077
"437","Merluccius_albidus",0,0
"438","Merluccius_bilinearis",0,0
"439","Myoxocephalus_octodecemspinosus",0,0
"440","Notoscopelus_elongatus",0,0
"441","Phycis_chesteri",0,0
"442","Pollachius_virens",0,0
"443","Scomber_scombrus",0,0
"444","Sebastes",25737,23.16730769
"445","Squalus_acanthias",0,0
"446","Tautogolabrus_adspersus",0,0
"447","Triglops_murrayi",0,0
"448","Urophycis_chuss",0,0
"449","Urophycis_tenuis",4467,0
"450","Zoarces_americanus",0,0
"451","Alosa_pseudoharengus",0,0
"452","Amblyraja_radiata",7310,0
"453","Argentina_silus",0,0
"454","Benthosema_glaciale",0,0
"455","Centroscyllium_fabricii",0,0
"456","Citharichthys_arctifrons",0,0
"457","Clupea_harengus",0,0
"458","Enchelyopus_cimbrius",0,0
"459","Glyptocephalus_cynoglossus",3065,0.272540984
"460","Helicolenus_dactylopterus",0,0
"461","Hippoglossus_hippoglossus",0,0
"462","Leptoclinus_maculatus",0,0
"463","Leucoraja_erinacea",0,0
"464","Lophius_americanus",0,0
"465","Lumpenus_lampretaeformis",6476,0
"466","Melanogrammus_aeglefinus",0,0
"467","Merluccius_albidus",0,0
"468","Merluccius_bilinearis",0,0
"469","Myoxocephalus_octodecemspinosus",0,0
"470","Notoscopelus_elongatus",0,0
"471","Phycis_chesteri",0,0
"472","Pollachius_virens",0,0
"473","Scomber_scombrus",0,0
"474","Sebastes",0,0
"475","Squalus_acanthias",0,0
"476","Tautogolabrus_adspersus",0,0
"477","Triglops_murrayi",0,0
"478","Urophycis_chuss",0,0
"479","Urophycis_tenuis",0,0
"480","Zoarces_americanus",0,0
"481","Alosa_pseudoharengus",0,0
"482","Amblyraja_radiata",2670,5.859550562
"483","Argentina_silus",0,0
"484","Benthosema_glaciale",0,0
"485","Centroscyllium_fabricii",0,0
"486","Citharichthys_arctifrons",0,0
"487","Clupea_harengus",0,0
"488","Enchelyopus_cimbrius",0,0
"489","Glyptocephalus_cynoglossus",0,1.46488764
"490","Helicolenus_dactylopterus",0,0
"491","Hippoglossus_hippoglossus",0,0
"492","Leptoclinus_maculatus",0,0
"493","Leucoraja_erinacea",0,0
"494","Lophius_americanus",0,0
"495","Lumpenus_lampretaeformis",0,0
"496","Melanogrammus_aeglefinus",0,0
"497","Merluccius_albidus",0,0
"498","Merluccius_bilinearis",0,0.077668539
"499","Myoxocephalus_octodecemspinosus",0,9.251404494
"500","Notoscopelus_elongatus",0,0
"501","Phycis_chesteri",0,0
"502","Pollachius_virens",0,0
"503","Scomber_scombrus",0,0
"504","Sebastes",0,0
"505","Squalus_acanthias",0,0
"506","Tautogolabrus_adspersus",0,0
"507","Triglops_murrayi",0,0.042275281
"508","Urophycis_chuss",0,0
"509","Urophycis_tenuis",0,0
"510","Zoarces_americanus",0,0
"511","Alosa_pseudoharengus",0,0
"512","Amblyraja_radiata",0,0
"513","Argentina_silus",0,0
"514","Benthosema_glaciale",0,0
"515","Centroscyllium_fabricii",0,0
"516","Citharichthys_arctifrons",0,0
"517","Clupea_harengus",0,0.305344828
"518","Enchelyopus_cimbrius",0,0
"519","Glyptocephalus_cynoglossus",0,0
"520","Helicolenus_dactylopterus",0,0
"521","Hippoglossus_hippoglossus",0,0
"522","Leptoclinus_maculatus",0,0
"523","Leucoraja_erinacea",0,0
"524","Lophius_americanus",0,0
"525","Lumpenus_lampretaeformis",0,0
"526","Melanogrammus_aeglefinus",3797,113.4724138
"527","Merluccius_albidus",0,0
"528","Merluccius_bilinearis",3,4.272413793
"529","Myoxocephalus_octodecemspinosus",0,0
"530","Notoscopelus_elongatus",0,0
"531","Phycis_chesteri",0,0
"532","Pollachius_virens",0,121.3896552
"533","Scomber_scombrus",0,0
"534","Sebastes",4578,440.8913793
"535","Squalus_acanthias",0,18.27241379
"536","Tautogolabrus_adspersus",0,0
"537","Triglops_murrayi",0,0
"538","Urophycis_chuss",0,0
"539","Urophycis_tenuis",0,0
"540","Zoarces_americanus",0,0
"541","Alosa_pseudoharengus",0,0
"542","Amblyraja_radiata",0,0.59
"543","Argentina_silus",0,0
"544","Benthosema_glaciale",0,0
"545","Centroscyllium_fabricii",0,0
"546","Citharichthys_arctifrons",0,0
"547","Clupea_harengus",0,1.384
"548","Enchelyopus_cimbrius",0,0
"549","Glyptocephalus_cynoglossus",11152,6.83
"550","Helicolenus_dactylopterus",0,0
"551","Hippoglossus_hippoglossus",0,3.95
"552","Leptoclinus_maculatus",0,0
"553","Leucoraja_erinacea",0,0
"554","Lophius_americanus",0,9.63
"555","Lumpenus_lampretaeformis",0,0
"556","Melanogrammus_aeglefinus",0,47.74
"557","Merluccius_albidus",0,0
"558","Merluccius_bilinearis",118601,13.94
"559","Myoxocephalus_octodecemspinosus",0,1.385
"560","Notoscopelus_elongatus",0,0
"561","Phycis_chesteri",0,0
"562","Pollachius_virens",0,0
"563","Scomber_scombrus",0,0
"564","Sebastes",0,0
"565","Squalus_acanthias",0,0
"566","Tautogolabrus_adspersus",0,0
"567","Triglops_murrayi",0,0
"568","Urophycis_chuss",0,0
"569","Urophycis_tenuis",0,0
"570","Zoarces_americanus",0,0.008
"571","Alosa_pseudoharengus",82,0.1475
"572","Amblyraja_radiata",0,0
"573","Argentina_silus",0,0
"574","Benthosema_glaciale",0,0
"575","Centroscyllium_fabricii",0,0
"576","Citharichthys_arctifrons",0,0
"577","Clupea_harengus",0,0.2875
"578","Enchelyopus_cimbrius",0,0
"579","Glyptocephalus_cynoglossus",0,0.43
"580","Helicolenus_dactylopterus",0,0
"581","Hippoglossus_hippoglossus",0,0
"582","Leptoclinus_maculatus",0,0
"583","Leucoraja_erinacea",0,0
"584","Lophius_americanus",0,0.31375
"585","Lumpenus_lampretaeformis",0,0
"586","Melanogrammus_aeglefinus",0,9.05
"587","Merluccius_albidus",4,0
"588","Merluccius_bilinearis",0,15.925
"589","Myoxocephalus_octodecemspinosus",1,0.14125
"590","Notoscopelus_elongatus",0,0
"591","Phycis_chesteri",0,0
"592","Pollachius_virens",0,53.6
"593","Scomber_scombrus",0,0
"594","Sebastes",0,16.1
"595","Squalus_acanthias",0,0
"596","Tautogolabrus_adspersus",0,0
"597","Triglops_murrayi",0,0
"598","Urophycis_chuss",0,2.505
"599","Urophycis_tenuis",0,7.4125
"600","Zoarces_americanus",0,0
"601","Alosa_pseudoharengus",0,0
"602","Amblyraja_radiata",0,0
"603","Argentina_silus",0,0
"604","Benthosema_glaciale",0,0
"605","Centroscyllium_fabricii",0,0
"606","Citharichthys_arctifrons",0,0.010694444
"607","Clupea_harengus",0,0
"608","Enchelyopus_cimbrius",0,0
"609","Glyptocephalus_cynoglossus",1604,0
"610","Helicolenus_dactylopterus",0,0
"611","Hippoglossus_hippoglossus",0,0
"612","Leptoclinus_maculatus",0,0
"613","Leucoraja_erinacea",0,0
"614","Lophius_americanus",0,0
"615","Lumpenus_lampretaeformis",0,0
"616","Melanogrammus_aeglefinus",2371,12.74583333
"617","Merluccius_albidus",0,0
"618","Merluccius_bilinearis",19016,1.559444444
"619","Myoxocephalus_octodecemspinosus",0,0
"620","Notoscopelus_elongatus",0,0
"621","Phycis_chesteri",0,0
"622","Pollachius_virens",0,0
"623","Scomber_scombrus",0,0.565833333
"624","Sebastes",0,0
"625","Squalus_acanthias",0,0
"626","Tautogolabrus_adspersus",0,0
"627","Triglops_murrayi",0,0
"628","Urophycis_chuss",7156,1.293055556
"629","Urophycis_tenuis",0,0
"630","Zoarces_americanus",0,0
"631","Alosa_pseudoharengus",0,0
"632","Amblyraja_radiata",0,0
"633","Argentina_silus",0,0
"634","Benthosema_glaciale",0,0
"635","Centroscyllium_fabricii",0,0
"636","Citharichthys_arctifrons",0,0
"637","Clupea_harengus",338,0
"638","Enchelyopus_cimbrius",0,0
"639","Glyptocephalus_cynoglossus",0,0
"640","Helicolenus_dactylopterus",0,0
"641","Hippoglossus_hippoglossus",0,0
"642","Leptoclinus_maculatus",0,0
"643","Leucoraja_erinacea",0,0
"644","Lophius_americanus",0,0
"645","Lumpenus_lampretaeformis",0,0
"646","Melanogrammus_aeglefinus",0,17.96323529
"647","Merluccius_albidus",0,0
"648","Merluccius_bilinearis",0,0.776176471
"649","Myoxocephalus_octodecemspinosus",0,0
"650","Notoscopelus_elongatus",0,0
"651","Phycis_chesteri",0,0
"652","Pollachius_virens",0,0
"653","Scomber_scombrus",0,0
"654","Sebastes",0,0
"655","Squalus_acanthias",0,0
"656","Tautogolabrus_adspersus",5796,0.170882353
"657","Triglops_murrayi",0,0
"658","Urophycis_chuss",5389,0
"659","Urophycis_tenuis",0,0
"660","Zoarces_americanus",0,0
"661","Alosa_pseudoharengus",0,0
"662","Amblyraja_radiata",0,0
"663","Argentina_silus",0,0
"664","Benthosema_glaciale",0,0
"665","Centroscyllium_fabricii",0,0
"666","Citharichthys_arctifrons",31793,0.319375
"667","Clupea_harengus",0,0.18046875
"668","Enchelyopus_cimbrius",0,0
"669","Glyptocephalus_cynoglossus",0,0.39046875
"670","Helicolenus_dactylopterus",0,0
"671","Hippoglossus_hippoglossus",0,9.296875
"672","Leptoclinus_maculatus",0,0
"673","Leucoraja_erinacea",7320,0.844375
"674","Lophius_americanus",0,0.22859375
"675","Lumpenus_lampretaeformis",0,0
"676","Melanogrammus_aeglefinus",13119,35.21875
"677","Merluccius_albidus",88,0
"678","Merluccius_bilinearis",0,0.643125
"679","Myoxocephalus_octodecemspinosus",6989,2.3953125
"680","Notoscopelus_elongatus",0,0
"681","Phycis_chesteri",0,0
"682","Pollachius_virens",0,0
"683","Scomber_scombrus",0,0
"684","Sebastes",0,0.8071875
"685","Squalus_acanthias",0,0
"686","Tautogolabrus_adspersus",0,0
"687","Triglops_murrayi",0,0
"688","Urophycis_chuss",15826,0.04921875
"689","Urophycis_tenuis",0,0
"690","Zoarces_americanus",0,0
"691","Alosa_pseudoharengus",0,0
"692","Amblyraja_radiata",0,0
"693","Argentina_silus",0,4.443055556
"694","Benthosema_glaciale",0,0
"695","Centroscyllium_fabricii",0,0
"696","Citharichthys_arctifrons",0,0
"697","Clupea_harengus",0,0
"698","Enchelyopus_cimbrius",0,0
"699","Glyptocephalus_cynoglossus",0,0.178888889
"700","Helicolenus_dactylopterus",7976,55.98055556
"701","Hippoglossus_hippoglossus",0,0
"702","Leptoclinus_maculatus",0,0
"703","Leucoraja_erinacea",0,0
"704","Lophius_americanus",0,0
"705","Lumpenus_lampretaeformis",0,0
"706","Melanogrammus_aeglefinus",0,13.43611111
"707","Merluccius_albidus",453549,0.810833333
"708","Merluccius_bilinearis",134850,3.869444444
"709","Myoxocephalus_octodecemspinosus",0,0
"710","Notoscopelus_elongatus",3402,0
"711","Phycis_chesteri",0,0
"712","Pollachius_virens",0,1.485555556
"713","Scomber_scombrus",0,0
"714","Sebastes",0,74.10277778
"715","Squalus_acanthias",0,0
"716","Tautogolabrus_adspersus",0,0
"717","Triglops_murrayi",0,0
"718","Urophycis_chuss",2438,0
"719","Urophycis_tenuis",0,9.352777778
"720","Zoarces_americanus",0,0
"721","Alosa_pseudoharengus",0,0
"722","Amblyraja_radiata",0,0
"723","Argentina_silus",0,0
"724","Benthosema_glaciale",0,0.000972222
"725","Centroscyllium_fabricii",0,0
"726","Citharichthys_arctifrons",0,0
"727","Clupea_harengus",0,0.165277778
"728","Enchelyopus_cimbrius",30973,0
"729","Glyptocephalus_cynoglossus",0,0.003888889
"730","Helicolenus_dactylopterus",0,0
"731","Hippoglossus_hippoglossus",0,0
"732","Leptoclinus_maculatus",0,0
"733","Leucoraja_erinacea",0,0
"734","Lophius_americanus",0,2.00375
"735","Lumpenus_lampretaeformis",0,0
"736","Melanogrammus_aeglefinus",0,4.501388889
"737","Merluccius_albidus",0,0.739861111
"738","Merluccius_bilinearis",9485,2.197222222
"739","Myoxocephalus_octodecemspinosus",0,0
"740","Notoscopelus_elongatus",0,0
"741","Phycis_chesteri",0,0
"742","Pollachius_virens",0,0
"743","Scomber_scombrus",2968,0
"744","Sebastes",0,4.783333333
"745","Squalus_acanthias",0,0
"746","Tautogolabrus_adspersus",0,0
"747","Triglops_murrayi",0,0
"748","Urophycis_chuss",0,2.411111111
"749","Urophycis_tenuis",0,0
"750","Zoarces_americanus",0,0
"751","Alosa_pseudoharengus",1213,0
"752","Amblyraja_radiata",0,0
"753","Argentina_silus",32743,0
"754","Benthosema_glaciale",0,0
"755","Centroscyllium_fabricii",0,0
"756","Citharichthys_arctifrons",0,0.026764706
"757","Clupea_harengus",0,4.189705882
"758","Enchelyopus_cimbrius",14792,0
"759","Glyptocephalus_cynoglossus",0,0.075147059
"760","Helicolenus_dactylopterus",2712,0
"761","Hippoglossus_hippoglossus",60894,0
"762","Leptoclinus_maculatus",0,0
"763","Leucoraja_erinacea",0,0
"764","Lophius_americanus",0,0.260441176
"765","Lumpenus_lampretaeformis",0,0
"766","Melanogrammus_aeglefinus",142139,0.498235294
"767","Merluccius_albidus",0,0
"768","Merluccius_bilinearis",159228,27.3
"769","Myoxocephalus_octodecemspinosus",0,0.144117647
"770","Notoscopelus_elongatus",0,0
"771","Phycis_chesteri",0,0
"772","Pollachius_virens",0,6.382352941
"773","Scomber_scombrus",16784,0.627941176
"774","Sebastes",43277,2.645588235
"775","Squalus_acanthias",735,0
"776","Tautogolabrus_adspersus",0,0
"777","Triglops_murrayi",0,0
"778","Urophycis_chuss",0,0.957352941
"779","Urophycis_tenuis",52315,3.788235294
"780","Zoarces_americanus",0,0.084411765
"781","Alosa_pseudoharengus",0,0
"782","Amblyraja_radiata",0,0
"783","Argentina_silus",0,0
"784","Benthosema_glaciale",0,0
"785","Centroscyllium_fabricii",0,0
"786","Citharichthys_arctifrons",0,0.033055556
"787","Clupea_harengus",4820,7.505555556
"788","Enchelyopus_cimbrius",0,0
"789","Glyptocephalus_cynoglossus",0,1.166666667
"790","Helicolenus_dactylopterus",0,0
"791","Hippoglossus_hippoglossus",0,0
"792","Leptoclinus_maculatus",0,0
"793","Leucoraja_erinacea",0,0
"794","Lophius_americanus",0,2.775694444
"795","Lumpenus_lampretaeformis",0,0
"796","Melanogrammus_aeglefinus",0,1.821944444
"797","Merluccius_albidus",0,0
"798","Merluccius_bilinearis",992,7.729166667
"799","Myoxocephalus_octodecemspinosus",0,0.119583333
"800","Notoscopelus_elongatus",0,0
"801","Phycis_chesteri",0,0
"802","Pollachius_virens",0,0
"803","Scomber_scombrus",0,0
"804","Sebastes",0,0
"805","Squalus_acanthias",0,0
"806","Tautogolabrus_adspersus",0,0
"807","Triglops_murrayi",0,0
"808","Urophycis_chuss",0,1.225
"809","Urophycis_tenuis",0,1.378611111
"810","Zoarces_americanus",0,0
"811","Alosa_pseudoharengus",0,0
"812","Amblyraja_radiata",0,0
"813","Argentina_silus",0,0
"814","Benthosema_glaciale",0,0
"815","Centroscyllium_fabricii",0,0
"816","Citharichthys_arctifrons",0,0
"817","Clupea_harengus",4342,24.73
"818","Enchelyopus_cimbrius",0,0
"819","Glyptocephalus_cynoglossus",0,0
"820","Helicolenus_dactylopterus",0,0
"821","Hippoglossus_hippoglossus",0,23.81
"822","Leptoclinus_maculatus",0,0
"823","Leucoraja_erinacea",0,0
"824","Lophius_americanus",0,0
"825","Lumpenus_lampretaeformis",0,0
"826","Melanogrammus_aeglefinus",0,5.975
"827","Merluccius_albidus",0,0
"828","Merluccius_bilinearis",10002,0.552
"829","Myoxocephalus_octodecemspinosus",0,0.128
"830","Notoscopelus_elongatus",0,0
"831","Phycis_chesteri",0,0
"832","Pollachius_virens",0,0
"833","Scomber_scombrus",0,0
"834","Sebastes",9518,0
"835","Squalus_acanthias",0,0
"836","Tautogolabrus_adspersus",0,0
"837","Triglops_murrayi",0,0
"838","Urophycis_chuss",0,0
"839","Urophycis_tenuis",0,0
"840","Zoarces_americanus",0,0
"841","Alosa_pseudoharengus",0,0
"842","Amblyraja_radiata",0,0
"843","Argentina_silus",0,0
"844","Benthosema_glaciale",0,0
"845","Centroscyllium_fabricii",0,0
"846","Citharichthys_arctifrons",0,0
"847","Clupea_harengus",131,0
"848","Enchelyopus_cimbrius",0,0
"849","Glyptocephalus_cynoglossus",0,0
"850","Helicolenus_dactylopterus",0,0
"851","Hippoglossus_hippoglossus",0,6.155882353
"852","Leptoclinus_maculatus",0,0
"853","Leucoraja_erinacea",0,0
"854","Lophius_americanus",0,0.473529412
"855","Lumpenus_lampretaeformis",0,0
"856","Melanogrammus_aeglefinus",0,30.32647059
"857","Merluccius_albidus",0,0
"858","Merluccius_bilinearis",5931,1.811764706
"859","Myoxocephalus_octodecemspinosus",3103,0
"860","Notoscopelus_elongatus",0,0
"861","Phycis_chesteri",0,0
"862","Pollachius_virens",0,0
"863","Scomber_scombrus",0,0
"864","Sebastes",0,0
"865","Squalus_acanthias",0,0
"866","Tautogolabrus_adspersus",0,0
"867","Triglops_murrayi",0,0
"868","Urophycis_chuss",0,0.754558824
"869","Urophycis_tenuis",0,0.254264706
"870","Zoarces_americanus",0,0
"871","Alosa_pseudoharengus",0,0
"872","Amblyraja_radiata",0,0
"873","Argentina_silus",0,0
"874","Benthosema_glaciale",0,0
"875","Centroscyllium_fabricii",0,0
"876","Citharichthys_arctifrons",0,0
"877","Clupea_harengus",0,0
"878","Enchelyopus_cimbrius",0,0
"879","Glyptocephalus_cynoglossus",0,0
"880","Helicolenus_dactylopterus",0,0
"881","Hippoglossus_hippoglossus",9173,1.2228125
"882","Leptoclinus_maculatus",0,0
"883","Leucoraja_erinacea",0,0
"884","Lophius_americanus",0,0
"885","Lumpenus_lampretaeformis",0,0
"886","Melanogrammus_aeglefinus",4078,60.090625
"887","Merluccius_albidus",5914,0
"888","Merluccius_bilinearis",480829,0.25265625
"889","Myoxocephalus_octodecemspinosus",0,0
"890","Notoscopelus_elongatus",0,0
"891","Phycis_chesteri",0,0
"892","Pollachius_virens",0,0
"893","Scomber_scombrus",0,0
"894","Sebastes",0,0
"895","Squalus_acanthias",0,0
"896","Tautogolabrus_adspersus",0,0
"897","Triglops_murrayi",0,0
"898","Urophycis_chuss",0,0
"899","Urophycis_tenuis",0,0
"900","Zoarces_americanus",0,0
"901","Alosa_pseudoharengus",0,0
"902","Amblyraja_radiata",0,0
"903","Argentina_silus",0,0
"904","Benthosema_glaciale",0,0
"905","Centroscyllium_fabricii",0,0
"906","Citharichthys_arctifrons",0,0
"907","Clupea_harengus",0,0.932272727
"908","Enchelyopus_cimbrius",0,0
"909","Glyptocephalus_cynoglossus",0,0.361666667
"910","Helicolenus_dactylopterus",0,0
"911","Hippoglossus_hippoglossus",0,0
"912","Leptoclinus_maculatus",0,0
"913","Leucoraja_erinacea",20178,0
"914","Lophius_americanus",0,0
"915","Lumpenus_lampretaeformis",0,0
"916","Melanogrammus_aeglefinus",0,0
"917","Merluccius_albidus",0,0
"918","Merluccius_bilinearis",2369,0.982121212
"919","Myoxocephalus_octodecemspinosus",2859,1.130606061
"920","Notoscopelus_elongatus",0,0
"921","Phycis_chesteri",0,0
"922","Pollachius_virens",0,0
"923","Scomber_scombrus",5572,0
"924","Sebastes",0,0
"925","Squalus_acanthias",0,0
"926","Tautogolabrus_adspersus",0,0
"927","Triglops_murrayi",0,0.009545455
"928","Urophycis_chuss",0,0
"929","Urophycis_tenuis",0,0
"930","Zoarces_americanus",0,0
"931","Alosa_pseudoharengus",0,0
"932","Amblyraja_radiata",0,0
"933","Argentina_silus",0,0
"934","Benthosema_glaciale",0,0
"935","Centroscyllium_fabricii",0,0
"936","Citharichthys_arctifrons",0,0
"937","Clupea_harengus",237,9.998333333
"938","Enchelyopus_cimbrius",0,0
"939","Glyptocephalus_cynoglossus",2326,0.243833333
"940","Helicolenus_dactylopterus",0,0
"941","Hippoglossus_hippoglossus",6634,7.128333333
"942","Leptoclinus_maculatus",0,0
"943","Leucoraja_erinacea",0,0
"944","Lophius_americanus",0,0
"945","Lumpenus_lampretaeformis",0,0
"946","Melanogrammus_aeglefinus",0,0
"947","Merluccius_albidus",0,0
"948","Merluccius_bilinearis",2601,46.305
"949","Myoxocephalus_octodecemspinosus",0,0.333666667
"950","Notoscopelus_elongatus",0,0
"951","Phycis_chesteri",0,0
"952","Pollachius_virens",0,0
"953","Scomber_scombrus",0,0
"954","Sebastes",0,0.067666667
"955","Squalus_acanthias",0,0
"956","Tautogolabrus_adspersus",0,0
"957","Triglops_murrayi",0,0
"958","Urophycis_chuss",0,0
"959","Urophycis_tenuis",0,0.232166667
"960","Zoarces_americanus",0,0
"961","Alosa_pseudoharengus",0,0
"962","Amblyraja_radiata",0,0
"963","Argentina_silus",0,0
"964","Benthosema_glaciale",0,0
"965","Centroscyllium_fabricii",0,0
"966","Citharichthys_arctifrons",0,0
"967","Clupea_harengus",94,54.5234375
"968","Enchelyopus_cimbrius",14193,0
"969","Glyptocephalus_cynoglossus",0,0
"970","Helicolenus_dactylopterus",0,0
"971","Hippoglossus_hippoglossus",0,0
"972","Leptoclinus_maculatus",0,0
"973","Leucoraja_erinacea",0,0
"974","Lophius_americanus",0,0
"975","Lumpenus_lampretaeformis",0,0
"976","Melanogrammus_aeglefinus",0,0.24609375
"977","Merluccius_albidus",0,0
"978","Merluccius_bilinearis",0,2.2203125
"979","Myoxocephalus_octodecemspinosus",1935,0
"980","Notoscopelus_elongatus",0,0
"981","Phycis_chesteri",0,0
"982","Pollachius_virens",0,0
"983","Scomber_scombrus",0,0
"984","Sebastes",0,0
"985","Squalus_acanthias",0,0
"986","Tautogolabrus_adspersus",0,0
"987","Triglops_murrayi",0,0
"988","Urophycis_chuss",0,0
"989","Urophycis_tenuis",0,0
"990","Zoarces_americanus",0,0
"991","Alosa_pseudoharengus",0,0
"992","Amblyraja_radiata",0,0
"993","Argentina_silus",0,0
"994","Benthosema_glaciale",0,0
"995","Centroscyllium_fabricii",0,0
"996","Citharichthys_arctifrons",0,0.02747093
"997","Clupea_harengus",0,0
"998","Enchelyopus_cimbrius",0,0
"999","Glyptocephalus_cynoglossus",0,0.468023256
"1000","Helicolenus_dactylopterus",0,0
"1001","Hippoglossus_hippoglossus",0,0
"1002","Leptoclinus_maculatus",0,0
"1003","Leucoraja_erinacea",0,0.427325581
"1004","Lophius_americanus",0,6.531976744
"1005","Lumpenus_lampretaeformis",0,0
"1006","Melanogrammus_aeglefinus",0,1.109011628
"1007","Merluccius_albidus",0,0
"1008","Merluccius_bilinearis",8312,1.465116279
"1009","Myoxocephalus_octodecemspinosus",0,0.010174419
"1010","Notoscopelus_elongatus",0,0
"1011","Phycis_chesteri",0,0
"1012","Pollachius_virens",0,0
"1013","Scomber_scombrus",0,0
"1014","Sebastes",0,0.01627907
"1015","Squalus_acanthias",6840,0
"1016","Tautogolabrus_adspersus",0,0
"1017","Triglops_murrayi",0,0
"1018","Urophycis_chuss",0,1.485465116
"1019","Urophycis_tenuis",0,0
"1020","Zoarces_americanus",0,0
"1021","Alosa_pseudoharengus",0,0
"1022","Amblyraja_radiata",0,0
"1023","Argentina_silus",0,0
"1024","Benthosema_glaciale",0,0
"1025","Centroscyllium_fabricii",0,0
"1026","Citharichthys_arctifrons",0,0
"1027","Clupea_harengus",0,0
"1028","Enchelyopus_cimbrius",0,0
"1029","Glyptocephalus_cynoglossus",0,0
"1030","Helicolenus_dactylopterus",0,0
"1031","Hippoglossus_hippoglossus",0,0
"1032","Leptoclinus_maculatus",0,0
"1033","Leucoraja_erinacea",0,0
"1034","Lophius_americanus",0,0
"1035","Lumpenus_lampretaeformis",0,0
"1036","Melanogrammus_aeglefinus",0,8.604494382
"1037","Merluccius_albidus",78,0
"1038","Merluccius_bilinearis",0,0.018679775
"1039","Myoxocephalus_octodecemspinosus",0,0
"1040","Notoscopelus_elongatus",0,0
"1041","Phycis_chesteri",10,0
"1042","Pollachius_virens",0,0
"1043","Scomber_scombrus",0,0
"1044","Sebastes",2851,0
"1045","Squalus_acanthias",1017,0
"1046","Tautogolabrus_adspersus",0,0
"1047","Triglops_murrayi",0,0
"1048","Urophycis_chuss",0,0
"1049","Urophycis_tenuis",0,0
"1050","Zoarces_americanus",0,0
"1051","Alosa_pseudoharengus",0,0
"1052","Amblyraja_radiata",0,0
"1053","Argentina_silus",0,0
"1054","Benthosema_glaciale",0,0
"1055","Centroscyllium_fabricii",0,0
"1056","Citharichthys_arctifrons",0,0
"1057","Clupea_harengus",0,4.552023121
"1058","Enchelyopus_cimbrius",0,0
"1059","Glyptocephalus_cynoglossus",0,0
"1060","Helicolenus_dactylopterus",0,0
"1061","Hippoglossus_hippoglossus",0,0
"1062","Leptoclinus_maculatus",0,0
"1063","Leucoraja_erinacea",0,0
"1064","Lophius_americanus",0,0
"1065","Lumpenus_lampretaeformis",0,0
"1066","Melanogrammus_aeglefinus",0,12.30057803
"1067","Merluccius_albidus",0,0
"1068","Merluccius_bilinearis",4953,8.729768786
"1069","Myoxocephalus_octodecemspinosus",0,0
"1070","Notoscopelus_elongatus",0,0
"1071","Phycis_chesteri",0,0
"1072","Pollachius_virens",0,33.90751445
"1073","Scomber_scombrus",0,0
"1074","Sebastes",0,20.63583815
"1075","Squalus_acanthias",36734,217.3236994
"1076","Tautogolabrus_adspersus",0,0
"1077","Triglops_murrayi",0,0
"1078","Urophycis_chuss",0,1.476878613
"1079","Urophycis_tenuis",0,15.11271676
"1080","Zoarces_americanus",0,0
"1081","Alosa_pseudoharengus",0,0.065116279
"1082","Amblyraja_radiata",0,0
"1083","Argentina_silus",0,0
"1084","Benthosema_glaciale",0,0
"1085","Centroscyllium_fabricii",0,0
"1086","Citharichthys_arctifrons",0,0
"1087","Clupea_harengus",0,0.198401163
"1088","Enchelyopus_cimbrius",11111,0.13125
"1089","Glyptocephalus_cynoglossus",0,2.380813953
"1090","Helicolenus_dactylopterus",0,0
"1091","Hippoglossus_hippoglossus",0,0
"1092","Leptoclinus_maculatus",0,0
"1093","Leucoraja_erinacea",0,0
"1094","Lophius_americanus",0,0
"1095","Lumpenus_lampretaeformis",0,0
"1096","Melanogrammus_aeglefinus",0,0
"1097","Merluccius_albidus",0,0
"1098","Merluccius_bilinearis",0,10.55087209
"1099","Myoxocephalus_octodecemspinosus",0,0
"1100","Notoscopelus_elongatus",0,0
"1101","Phycis_chesteri",0,0
"1102","Pollachius_virens",0,0
"1103","Scomber_scombrus",0,0
"1104","Sebastes",0,0
"1105","Squalus_acanthias",0,0
"1106","Tautogolabrus_adspersus",0,0
"1107","Triglops_murrayi",0,0
"1108","Urophycis_chuss",5,1.577034884
"1109","Urophycis_tenuis",0,3.184593023
"1110","Zoarces_americanus",0,0
"1111","Alosa_pseudoharengus",0,5.394827586
"1112","Amblyraja_radiata",0,0
"1113","Argentina_silus",0,0
"1114","Benthosema_glaciale",0,0
"1115","Centroscyllium_fabricii",0,0
"1116","Citharichthys_arctifrons",0,0
"1117","Clupea_harengus",7,2.514367816
"1118","Enchelyopus_cimbrius",0,0
"1119","Glyptocephalus_cynoglossus",0,0.985632184
"1120","Helicolenus_dactylopterus",0,0
"1121","Hippoglossus_hippoglossus",0,0
"1122","Leptoclinus_maculatus",0,0
"1123","Leucoraja_erinacea",0,0
"1124","Lophius_americanus",0,1.03591954
"1125","Lumpenus_lampretaeformis",0,0
"1126","Melanogrammus_aeglefinus",0,61.57183908
"1127","Merluccius_albidus",0,0
"1128","Merluccius_bilinearis",0,3.514382184
"1129","Myoxocephalus_octodecemspinosus",0,0
"1130","Notoscopelus_elongatus",0,0
"1131","Phycis_chesteri",0,0
"1132","Pollachius_virens",0,0
"1133","Scomber_scombrus",0,0
"1134","Sebastes",0,81.26436782
"1135","Squalus_acanthias",0,0
"1136","Tautogolabrus_adspersus",0,0
"1137","Triglops_murrayi",0,0
"1138","Urophycis_chuss",0,0.030172414
"1139","Urophycis_tenuis",0,0.752298851
"1140","Zoarces_americanus",0,0
"1141","Alosa_pseudoharengus",0,0.278409091
"1142","Amblyraja_radiata",0,0
"1143","Argentina_silus",46,0
"1144","Benthosema_glaciale",0,0
"1145","Centroscyllium_fabricii",0,0
"1146","Citharichthys_arctifrons",0,0
"1147","Clupea_harengus",1149,0.292329545
"1148","Enchelyopus_cimbrius",4,0
"1149","Glyptocephalus_cynoglossus",0,0
"1150","Helicolenus_dactylopterus",0,0
"1151","Hippoglossus_hippoglossus",92,0
"1152","Leptoclinus_maculatus",0,0
"1153","Leucoraja_erinacea",0,8.998579545
"1154","Lophius_americanus",0,0
"1155","Lumpenus_lampretaeformis",0,0
"1156","Melanogrammus_aeglefinus",0,0.1859375
"1157","Merluccius_albidus",0,0
"1158","Merluccius_bilinearis",25,7.636363636
"1159","Myoxocephalus_octodecemspinosus",0,7.258522727
"1160","Notoscopelus_elongatus",0,0
"1161","Phycis_chesteri",0,0
"1162","Pollachius_virens",0,0
"1163","Scomber_scombrus",0,0
"1164","Sebastes",0,0
"1165","Squalus_acanthias",0,0
"1166","Tautogolabrus_adspersus",0,0.509090909
"1167","Triglops_murrayi",0,0
"1168","Urophycis_chuss",0,3.509943182
"1169","Urophycis_tenuis",87,0.924715909
"1170","Zoarces_americanus",0,0
"1171","Alosa_pseudoharengus",0,0
"1172","Amblyraja_radiata",0,0
"1173","Argentina_silus",0,0
"1174","Benthosema_glaciale",0,0
"1175","Centroscyllium_fabricii",0,0
"1176","Citharichthys_arctifrons",0,0
"1177","Clupea_harengus",94,7.04
"1178","Enchelyopus_cimbrius",0,0.011
"1179","Glyptocephalus_cynoglossus",0,0
"1180","Helicolenus_dactylopterus",0,1.104
"1181","Hippoglossus_hippoglossus",0,0
"1182","Leptoclinus_maculatus",0,0
"1183","Leucoraja_erinacea",0,0
"1184","Lophius_americanus",0,0.746
"1185","Lumpenus_lampretaeformis",0,0
"1186","Melanogrammus_aeglefinus",0,8.54
"1187","Merluccius_albidus",0,0
"1188","Merluccius_bilinearis",0,13.35
"1189","Myoxocephalus_octodecemspinosus",0,0
"1190","Notoscopelus_elongatus",0,0
"1191","Phycis_chesteri",0,0
"1192","Pollachius_virens",0,34.02
"1193","Scomber_scombrus",0,0
"1194","Sebastes",0,1.46
"1195","Squalus_acanthias",35139,0
"1196","Tautogolabrus_adspersus",0,0
"1197","Triglops_murrayi",0,0
"1198","Urophycis_chuss",0,1.94
"1199","Urophycis_tenuis",0,34.59
"1200","Zoarces_americanus",0,0
"1201","Alosa_pseudoharengus",0,0
"1202","Amblyraja_radiata",0,0
"1203","Argentina_silus",0,0
"1204","Benthosema_glaciale",0,0
"1205","Centroscyllium_fabricii",0,0
"1206","Citharichthys_arctifrons",0,0
"1207","Clupea_harengus",0,5.39
"1208","Enchelyopus_cimbrius",0,0
"1209","Glyptocephalus_cynoglossus",0,0
"1210","Helicolenus_dactylopterus",0,0
"1211","Hippoglossus_hippoglossus",0,0
"1212","Leptoclinus_maculatus",0,0
"1213","Leucoraja_erinacea",0,0
"1214","Lophius_americanus",0,0
"1215","Lumpenus_lampretaeformis",0,0
"1216","Melanogrammus_aeglefinus",0,8.66
"1217","Merluccius_albidus",0,0
"1218","Merluccius_bilinearis",5203,11.92
"1219","Myoxocephalus_octodecemspinosus",0,0
"1220","Notoscopelus_elongatus",0,0
"1221","Phycis_chesteri",0,0
"1222","Pollachius_virens",0,5.81
"1223","Scomber_scombrus",0,0
"1224","Sebastes",6616,3.54
"1225","Squalus_acanthias",3752,11.35
"1226","Tautogolabrus_adspersus",0,0
"1227","Triglops_murrayi",0,0
"1228","Urophycis_chuss",0,2.14
"1229","Urophycis_tenuis",0,15.3
"1230","Zoarces_americanus",0,0
"1231","Alosa_pseudoharengus",0,0
"1232","Amblyraja_radiata",0,0
"1233","Argentina_silus",0,0
"1234","Benthosema_glaciale",0,0
"1235","Centroscyllium_fabricii",0,0
"1236","Citharichthys_arctifrons",0,0
"1237","Clupea_harengus",0,0.554166667
"1238","Enchelyopus_cimbrius",0,0
"1239","Glyptocephalus_cynoglossus",0,0
"1240","Helicolenus_dactylopterus",0,1.184166667
"1241","Hippoglossus_hippoglossus",0,0
"1242","Leptoclinus_maculatus",0,0
"1243","Leucoraja_erinacea",0,0
"1244","Lophius_americanus",0,4.375
"1245","Lumpenus_lampretaeformis",0,0
"1246","Melanogrammus_aeglefinus",0,5.259722222
"1247","Merluccius_albidus",0,0
"1248","Merluccius_bilinearis",0,2.206944444
"1249","Myoxocephalus_octodecemspinosus",1,0
"1250","Notoscopelus_elongatus",0,0
"1251","Phycis_chesteri",0,0
"1252","Pollachius_virens",0,7.427777778
"1253","Scomber_scombrus",0,0
"1254","Sebastes",0,48.20277778
"1255","Squalus_acanthias",445,30.95555556
"1256","Tautogolabrus_adspersus",0,0
"1257","Triglops_murrayi",0,0
"1258","Urophycis_chuss",0,0.268333333
"1259","Urophycis_tenuis",0,14.71944444
"1260","Zoarces_americanus",0,0
"1261","Alosa_pseudoharengus",0,0
"1262","Amblyraja_radiata",0,0
"1263","Argentina_silus",0,0
"1264","Benthosema_glaciale",0,0
"1265","Centroscyllium_fabricii",0,0
"1266","Citharichthys_arctifrons",0,0
"1267","Clupea_harengus",0,1.297752809
"1268","Enchelyopus_cimbrius",0,0
"1269","Glyptocephalus_cynoglossus",0,0
"1270","Helicolenus_dactylopterus",0,0
"1271","Hippoglossus_hippoglossus",0,0
"1272","Leptoclinus_maculatus",0,0
"1273","Leucoraja_erinacea",0,0
"1274","Lophius_americanus",0,3.037921348
"1275","Lumpenus_lampretaeformis",0,0
"1276","Melanogrammus_aeglefinus",0,17.73595506
"1277","Merluccius_albidus",0,0
"1278","Merluccius_bilinearis",0,0.816011236
"1279","Myoxocephalus_octodecemspinosus",0,0
"1280","Notoscopelus_elongatus",0,0
"1281","Phycis_chesteri",0,0
"1282","Pollachius_virens",0,0
"1283","Scomber_scombrus",0,0
"1284","Sebastes",10864,14.01573034
"1285","Squalus_acanthias",5507,22.33707865
"1286","Tautogolabrus_adspersus",0,0
"1287","Triglops_murrayi",0,0
"1288","Urophycis_chuss",0,0
"1289","Urophycis_tenuis",0,11.06039326
"1290","Zoarces_americanus",0,0
"1291","Alosa_pseudoharengus",0,0
"1292","Amblyraja_radiata",0,0
"1293","Argentina_silus",0,0
"1294","Benthosema_glaciale",0,0
"1295","Centroscyllium_fabricii",0,0
"1296","Citharichthys_arctifrons",0,0
"1297","Clupea_harengus",0,0.586705202
"1298","Enchelyopus_cimbrius",0,0
"1299","Glyptocephalus_cynoglossus",0,0
"1300","Helicolenus_dactylopterus",9543,6.797687861
"1301","Hippoglossus_hippoglossus",0,0
"1302","Leptoclinus_maculatus",0,0
"1303","Leucoraja_erinacea",0,0
"1304","Lophius_americanus",0,0
"1305","Lumpenus_lampretaeformis",0,0
"1306","Melanogrammus_aeglefinus",0,12.21965318
"1307","Merluccius_albidus",0,0
"1308","Merluccius_bilinearis",7878,25.93641618
"1309","Myoxocephalus_octodecemspinosus",0,0
"1310","Notoscopelus_elongatus",0,0
"1311","Phycis_chesteri",0,0
"1312","Pollachius_virens",0,32.00578035
"1313","Scomber_scombrus",0,0
"1314","Sebastes",0,0.137572254
"1315","Squalus_acanthias",251,11.82514451
"1316","Tautogolabrus_adspersus",0,0
"1317","Triglops_murrayi",0,0
"1318","Urophycis_chuss",0,0.428901734
"1319","Urophycis_tenuis",0,9.033236994
"1320","Zoarces_americanus",0,0
"1321","Alosa_pseudoharengus",0,0
"1322","Amblyraja_radiata",0,0
"1323","Argentina_silus",0,0.797443182
"1324","Benthosema_glaciale",0,0
"1325","Centroscyllium_fabricii",0,0
"1326","Citharichthys_arctifrons",0,0
"1327","Clupea_harengus",20,0
"1328","Enchelyopus_cimbrius",0,0
"1329","Glyptocephalus_cynoglossus",0,0.427556818
"1330","Helicolenus_dactylopterus",0,78.04403409
"1331","Hippoglossus_hippoglossus",0,0
"1332","Leptoclinus_maculatus",0,0
"1333","Leucoraja_erinacea",0,0
"1334","Lophius_americanus",0,0
"1335","Lumpenus_lampretaeformis",0,0
"1336","Melanogrammus_aeglefinus",0,1.292613636
"1337","Merluccius_albidus",0,0
"1338","Merluccius_bilinearis",0,2.724431818
"1339","Myoxocephalus_octodecemspinosus",0,0
"1340","Notoscopelus_elongatus",0,0
"1341","Phycis_chesteri",0,0
"1342","Pollachius_virens",0,13.16477273
"1343","Scomber_scombrus",0,0
"1344","Sebastes",0,0.013920455
"1345","Squalus_acanthias",3943,1.638636364
"1346","Tautogolabrus_adspersus",0,0
"1347","Triglops_murrayi",0,0
"1348","Urophycis_chuss",14,0.725852273
"1349","Urophycis_tenuis",0,0
"1350","Zoarces_americanus",0,0
"1351","Alosa_pseudoharengus",0,0
"1352","Amblyraja_radiata",0,6.155172414
"1353","Argentina_silus",0,0.279597701
"1354","Benthosema_glaciale",74645,0
"1355","Centroscyllium_fabricii",0,0
"1356","Citharichthys_arctifrons",0,0
"1357","Clupea_harengus",0,0
"1358","Enchelyopus_cimbrius",0,0
"1359","Glyptocephalus_cynoglossus",0,0
"1360","Helicolenus_dactylopterus",0,11.73706897
"1361","Hippoglossus_hippoglossus",0,0
"1362","Leptoclinus_maculatus",0,0
"1363","Leucoraja_erinacea",0,0
"1364","Lophius_americanus",0,0
"1365","Lumpenus_lampretaeformis",0,0
"1366","Melanogrammus_aeglefinus",0,1.295402299
"1367","Merluccius_albidus",0,0
"1368","Merluccius_bilinearis",0,0.221264368
"1369","Myoxocephalus_octodecemspinosus",0,0
"1370","Notoscopelus_elongatus",0,0
"1371","Phycis_chesteri",0,0
"1372","Pollachius_virens",3059,89.8433908
"1373","Scomber_scombrus",0,0
"1374","Sebastes",0,21.22126437
"1375","Squalus_acanthias",534,52.03735632
"1376","Tautogolabrus_adspersus",0,0
"1377","Triglops_murrayi",0,0
"1378","Urophycis_chuss",0,0
"1379","Urophycis_tenuis",0,12.29022989
"1380","Zoarces_americanus",0,0
"1381","Alosa_pseudoharengus",0,0
"1382","Amblyraja_radiata",0,0
"1383","Argentina_silus",0,0
"1384","Benthosema_glaciale",10282,0
"1385","Centroscyllium_fabricii",0,0
"1386","Citharichthys_arctifrons",0,0.028
"1387","Clupea_harengus",0,4
"1388","Enchelyopus_cimbrius",0,0
"1389","Glyptocephalus_cynoglossus",0,0
"1390","Helicolenus_dactylopterus",0,0
"1391","Hippoglossus_hippoglossus",0,0
"1392","Leptoclinus_maculatus",0,0
"1393","Leucoraja_erinacea",0,0
"1394","Lophius_americanus",0,0
"1395","Lumpenus_lampretaeformis",0,0
"1396","Melanogrammus_aeglefinus",0,361.643
"1397","Merluccius_albidus",0,0
"1398","Merluccius_bilinearis",0,28.3
"1399","Myoxocephalus_octodecemspinosus",0,0
"1400","Notoscopelus_elongatus",0,0
"1401","Phycis_chesteri",0,0
"1402","Pollachius_virens",0,2.012
"1403","Scomber_scombrus",0,0
"1404","Sebastes",0,0
"1405","Squalus_acanthias",227,0
"1406","Tautogolabrus_adspersus",0,0
"1407","Triglops_murrayi",0,0
"1408","Urophycis_chuss",0,10.62
"1409","Urophycis_tenuis",0,1.494
"1410","Zoarces_americanus",0,0
"1411","Alosa_pseudoharengus",0,0
"1412","Amblyraja_radiata",0,0
"1413","Argentina_silus",0,0
"1414","Benthosema_glaciale",0,0
"1415","Centroscyllium_fabricii",0,0
"1416","Citharichthys_arctifrons",0,0
"1417","Clupea_harengus",0,0.116032609
"1418","Enchelyopus_cimbrius",0,0
"1419","Glyptocephalus_cynoglossus",0,0
"1420","Helicolenus_dactylopterus",0,0
"1421","Hippoglossus_hippoglossus",0,0
"1422","Leptoclinus_maculatus",0,0
"1423","Leucoraja_erinacea",47861,0
"1424","Lophius_americanus",12809,2.605978261
"1425","Lumpenus_lampretaeformis",0,0
"1426","Melanogrammus_aeglefinus",118710,279.2182065
"1427","Merluccius_albidus",0,0
"1428","Merluccius_bilinearis",23850,0.551630435
"1429","Myoxocephalus_octodecemspinosus",19091,0.243478261
"1430","Notoscopelus_elongatus",0,0
"1431","Phycis_chesteri",0,0
"1432","Pollachius_virens",0,0.119836957
"1433","Scomber_scombrus",10272,0
"1434","Sebastes",0,0
"1435","Squalus_acanthias",0,15.35054348
"1436","Tautogolabrus_adspersus",48239,0
"1437","Triglops_murrayi",0,0
"1438","Urophycis_chuss",0,0
"1439","Urophycis_tenuis",0,0
"1440","Zoarces_americanus",44888,2.891304348
"1441","Alosa_pseudoharengus",0,0
"1442","Amblyraja_radiata",0,0
"1443","Argentina_silus",0,0
"1444","Benthosema_glaciale",0,0
"1445","Centroscyllium_fabricii",0,0
"1446","Citharichthys_arctifrons",0,0
"1447","Clupea_harengus",1249,0
"1448","Enchelyopus_cimbrius",0,0
"1449","Glyptocephalus_cynoglossus",0,0
"1450","Helicolenus_dactylopterus",0,0
"1451","Hippoglossus_hippoglossus",0,3.930327869
"1452","Leptoclinus_maculatus",0,0
"1453","Leucoraja_erinacea",13627,0
"1454","Lophius_americanus",0,0
"1455","Lumpenus_lampretaeformis",0,0
"1456","Melanogrammus_aeglefinus",0,323.154235
"1457","Merluccius_albidus",0,0
"1458","Merluccius_bilinearis",11725,0.493442623
"1459","Myoxocephalus_octodecemspinosus",0,0.420765027
"1460","Notoscopelus_elongatus",0,0
"1461","Phycis_chesteri",0,0
"1462","Pollachius_virens",0,10.23224044
"1463","Scomber_scombrus",0,0
"1464","Sebastes",0,0
"1465","Squalus_acanthias",0,18.47540984
"1466","Tautogolabrus_adspersus",0,10.42349727
"1467","Triglops_murrayi",0,0
"1468","Urophycis_chuss",3775,0
"1469","Urophycis_tenuis",0,0
"1470","Zoarces_americanus",5504,0
"1471","Alosa_pseudoharengus",0,0
"1472","Amblyraja_radiata",0,0
"1473","Argentina_silus",0,0
"1474","Benthosema_glaciale",0,0
"1475","Centroscyllium_fabricii",0,0
"1476","Citharichthys_arctifrons",0,0
"1477","Clupea_harengus",0,0
"1478","Enchelyopus_cimbrius",0,0
"1479","Glyptocephalus_cynoglossus",0,0
"1480","Helicolenus_dactylopterus",0,0
"1481","Hippoglossus_hippoglossus",0,0
"1482","Leptoclinus_maculatus",0,0
"1483","Leucoraja_erinacea",14603,8.514044944
"1484","Lophius_americanus",6079,2.713483146
"1485","Lumpenus_lampretaeformis",0,0
"1486","Melanogrammus_aeglefinus",7311,199.9119382
"1487","Merluccius_albidus",0,0
"1488","Merluccius_bilinearis",1752,2.91011236
"1489","Myoxocephalus_octodecemspinosus",5541,27.23314607
"1490","Notoscopelus_elongatus",0,0
"1491","Phycis_chesteri",0,0
"1492","Pollachius_virens",0,0
"1493","Scomber_scombrus",0,0
"1494","Sebastes",0,0
"1495","Squalus_acanthias",11098,205.7921348
"1496","Tautogolabrus_adspersus",0,0.054073034
"1497","Triglops_murrayi",0,0.06488764
"1498","Urophycis_chuss",0,0
"1499","Urophycis_tenuis",2278,0.360814607
"1500","Zoarces_americanus",0,0.656741573
"1501","Alosa_pseudoharengus",0,0
"1502","Amblyraja_radiata",0,0
"1503","Argentina_silus",0,0
"1504","Benthosema_glaciale",0,0
"1505","Centroscyllium_fabricii",0,0
"1506","Citharichthys_arctifrons",0,0
"1507","Clupea_harengus",0,0
"1508","Enchelyopus_cimbrius",0,0
"1509","Glyptocephalus_cynoglossus",0,0
"1510","Helicolenus_dactylopterus",0,0
"1511","Hippoglossus_hippoglossus",0,0
"1512","Leptoclinus_maculatus",0,0
"1513","Leucoraja_erinacea",18478,15.59
"1514","Lophius_americanus",0,2.54
"1515","Lumpenus_lampretaeformis",0,0
"1516","Melanogrammus_aeglefinus",0,0.094
"1517","Merluccius_albidus",0,0
"1518","Merluccius_bilinearis",16939,6.76
"1519","Myoxocephalus_octodecemspinosus",0,0.395
"1520","Notoscopelus_elongatus",0,0
"1521","Phycis_chesteri",0,0
"1522","Pollachius_virens",0,0
"1523","Scomber_scombrus",0,0
"1524","Sebastes",0,0
"1525","Squalus_acanthias",0,0.82
"1526","Tautogolabrus_adspersus",0,0
"1527","Triglops_murrayi",0,0
"1528","Urophycis_chuss",8874,0.432
"1529","Urophycis_tenuis",2837,0
"1530","Zoarces_americanus",0,0
"1531","Alosa_pseudoharengus",0,0
"1532","Amblyraja_radiata",0,0
"1533","Argentina_silus",0,0
"1534","Benthosema_glaciale",0,0
"1535","Centroscyllium_fabricii",0,0
"1536","Citharichthys_arctifrons",0,0
"1537","Clupea_harengus",0,0
"1538","Enchelyopus_cimbrius",0,0
"1539","Glyptocephalus_cynoglossus",0,0
"1540","Helicolenus_dactylopterus",0,0
"1541","Hippoglossus_hippoglossus",0,0
"1542","Leptoclinus_maculatus",0,0
"1543","Leucoraja_erinacea",1028,1.488505747
"1544","Lophius_americanus",0,0
"1545","Lumpenus_lampretaeformis",0,0
"1546","Melanogrammus_aeglefinus",0,1.186781609
"1547","Merluccius_albidus",0,0
"1548","Merluccius_bilinearis",53147,2.272988506
"1549","Myoxocephalus_octodecemspinosus",0,0
"1550","Notoscopelus_elongatus",0,0
"1551","Phycis_chesteri",0,0
"1552","Pollachius_virens",0,0
"1553","Scomber_scombrus",0,0
"1554","Sebastes",0,0
"1555","Squalus_acanthias",1673,0
"1556","Tautogolabrus_adspersus",0,0
"1557","Triglops_murrayi",0,0
"1558","Urophycis_chuss",62279,1.066091954
"1559","Urophycis_tenuis",0,0
"1560","Zoarces_americanus",0,0
"1561","Alosa_pseudoharengus",0,0
"1562","Amblyraja_radiata",0,0
"1563","Argentina_silus",0,0
"1564","Benthosema_glaciale",0,0
"1565","Centroscyllium_fabricii",0,0
"1566","Citharichthys_arctifrons",0,0.005965909
"1567","Clupea_harengus",0,0
"1568","Enchelyopus_cimbrius",0,0
"1569","Glyptocephalus_cynoglossus",0,0
"1570","Helicolenus_dactylopterus",0,0
"1571","Hippoglossus_hippoglossus",0,0
"1572","Leptoclinus_maculatus",0,0
"1573","Leucoraja_erinacea",17790,0
"1574","Lophius_americanus",0,0
"1575","Lumpenus_lampretaeformis",0,0
"1576","Melanogrammus_aeglefinus",0,5.649715909
"1577","Merluccius_albidus",0,0
"1578","Merluccius_bilinearis",0,0
"1579","Myoxocephalus_octodecemspinosus",0,0
"1580","Notoscopelus_elongatus",0,0
"1581","Phycis_chesteri",0,0
"1582","Pollachius_virens",0,0
"1583","Scomber_scombrus",0,0
"1584","Sebastes",0,0
"1585","Squalus_acanthias",0,23.93323864
"1586","Tautogolabrus_adspersus",0,0
"1587","Triglops_murrayi",0,0
"1588","Urophycis_chuss",0,0
"1589","Urophycis_tenuis",0,0
"1590","Zoarces_americanus",0,0
"1591","Alosa_pseudoharengus",0,0
"1592","Amblyraja_radiata",0,0
"1593","Argentina_silus",0,0
"1594","Benthosema_glaciale",0,0
"1595","Centroscyllium_fabricii",0,0
"1596","Citharichthys_arctifrons",0,0
"1597","Clupea_harengus",0,0
"1598","Enchelyopus_cimbrius",0,0
"1599","Glyptocephalus_cynoglossus",0,0
"1600","Helicolenus_dactylopterus",0,0
"1601","Hippoglossus_hippoglossus",0,0
"1602","Leptoclinus_maculatus",0,0
"1603","Leucoraja_erinacea",0,0.794382022
"1604","Lophius_americanus",17952,4.384831461
"1605","Lumpenus_lampretaeformis",0,0
"1606","Melanogrammus_aeglefinus",2753,19.81235955
"1607","Merluccius_albidus",0,0
"1608","Merluccius_bilinearis",0,0
"1609","Myoxocephalus_octodecemspinosus",5357,0
"1610","Notoscopelus_elongatus",0,0
"1611","Phycis_chesteri",0,0
"1612","Pollachius_virens",0,0
"1613","Scomber_scombrus",0,0
"1614","Sebastes",0,0
"1615","Squalus_acanthias",0,238.2359551
"1616","Tautogolabrus_adspersus",0,0
"1617","Triglops_murrayi",2321,0
"1618","Urophycis_chuss",0,0
"1619","Urophycis_tenuis",0,0.963483146
"1620","Zoarces_americanus",0,0
